currier_language,token,count
A,a,3
A,aey,1
A,aiees,1
A,aii,1
A,aiidal,1
A,aiiin,4
A,aiim,1
A,aiin,73
A,aiioly,1
A,aiir,1
A,aikheky,1
A,aim,2
A,ain,11
A,ainarals,1
A,ainy,1
A,aiphey,1
A,air,9
A,airaldy,1
A,airam,1
A,aithy,1
A,al,25
A,alaiin,1
A,alal,1
A,alam,2
A,alar,1
A,alcfhy,1
A,alchey,1
A,alchy,1
A,aldaiin,1
A,aldam,2
A,aldar,1
A,aldy,4
A,aleedy,1
A,alg,1
A,alkar,1
A,alkeain,1
A,alol,1
A,alols,1
A,aloly,1
A,alom,1
A,alor,2
A,alos,1
A,als,1
A,alsy,1
A,aly,1
A,am,17
A,amg,1
A,an,3
A,ar,41
A,arairaly,1
A,aral,3
A,aram,1
A,ararchodaiin,1
A,araroy,1
A,arary,2
A,archeey,1
A,archeody,1
A,are,1
A,arg,1
A,ariin,1
A,arodaim,1
A,arody,2
A,arol,1
A,arolor,1
A,arom,1
A,ary,2
A,ataiin,1
A,atolg,1
A,c,1
A,cckhhy,1
A,cfarasr,1
A,cfhaiin,1
A,cfham,1
A,cfhar,2
A,cfheody,1
A,cfheol,2
A,cfheos,1
A,cfhey,1
A,cfhoaiin,1
A,cfhodar,1
A,cfhodoral,1
A,cfhol,5
A,cfhoy,1
A,cfhs,1
A,cfhy,6
A,ch,3
A,cha,2
A,chad,1
A,chadaiin,1
A,chaiin,35
A,chaiind,1
A,chaiir,1
A,chain,10
A,chaindy,1
A,chair,1
A,chairal,1
A,chakeey,1
A,chakod,1
A,chal,15
A,chald,1
A,chalolky,1
A,chals,1
A,chalsain,1
A,chaltar,1
A,chaly,4
A,cham,11
A,chan,9
A,chapchy,1
A,char,30
A,chariin,1
A,chary,4
A,chcfhal,1
A,chcfhhy,2
A,chchoty,1
A,chchsty,1
A,chchy,1
A,chckaiin,1
A,chckh,2
A,chckhaly,1
A,chckhan,1
A,chckheey,1
A,chckheody,1
A,chckhey,4
A,chckhhy,3
A,chckhod,1
A,chckhol,1
A,chckhor,1
A,chckhoy,1
A,chckhs,1
A,chckhy,18
A,chcky,1
A,chcphhy,1
A,chcphol,1
A,chcphy,4
A,chcth,3
A,chcthaiin,1
A,chcthal,1
A,chcthey,2
A,chctho,2
A,chcthod,1
A,chcthody,2
A,chcthor,1
A,chcthosy,1
A,chcthso,1
A,chcthy,21
A,chd,1
A,chdain,1
A,chdlcty,1
A,chdoly,1
A,chdy,9
A,chead,1
A,cheaiin,2
A,cheain,2
A,cheal,7
A,cheam,2
A,cheamy,1
A,chean,2
A,chear,22
A,cheas,1
A,checkhey,3
A,checkhy,2
A,checthhy,1
A,checthy,1
A,chedain,1
A,chedal,1
A,chedo,1
A,chedy,2
A,cheea,1
A,cheeal,1
A,cheeckhody,1
A,cheecthy,1
A,cheedy,3
A,cheeeal,1
A,cheeen,1
A,cheeey,2
A,cheekdam,1
A,cheekeo,1
A,cheekey,3
A,cheeky,4
A,cheen,2
A,cheeo,1
A,cheeods,1
A,cheeody,4
A,cheeokeey,1
A,cheeol,3
A,cheeoldair,1
A,cheeor,8
A,cheeotaiin,1
A,chees,11
A,cheesees,1
A,cheet,1
A,cheey,34
A,cheeykam,1
A,cheeytey,1
A,chefoly,1
A,cheg,1
A,chekaiin,1
A,chekal,2
A,chekchey,1
A,chekchoy,1
A,chekechy,1
A,chekeesshy,1
A,chekeey,3
A,chekeg,1
A,chekeod,1
A,chekeol,1
A,chekhol,1
A,chekol,2
A,cheky,14
A,cheo,25
A,cheockhey,1
A,cheockhy,4
A,cheocphey,1
A,cheocthy,2
A,cheod,2
A,cheodaiin,5
A,cheodain,3
A,cheodal,4
A,cheodam,2
A,cheodar,2
A,cheodor,2
A,cheody,27
A,cheoe,1
A,cheoees,1
A,cheoekar,1
A,cheoepey,1
A,cheoiees,1
A,cheok,1
A,cheokal,2
A,cheokam,1
A,cheokchet,1
A,cheokchey,1
A,cheokeey,2
A,cheokeol,1
A,cheokeos,1
A,cheokor,1
A,cheoky,4
A,cheol,71
A,cheoldain,1
A,cheoldy,4
A,cheols,2
A,cheoly,1
A,cheom,6
A,cheomam,1
A,cheopor,1
A,cheor,59
A,cheorol,1
A,cheory,2
A,cheos,12
A,cheosdy,1
A,cheotar,1
A,cheotchar,1
A,cheotchy,1
A,cheotey,1
A,cheotol,2
A,cheoy,2
A,chep,1
A,chepcheol,1
A,chepchey,1
A,chepchy,1
A,chepy,2
A,cher,2
A,ches,5
A,chesey,1
A,chetaiin,1
A,chetan,1
A,chetar,1
A,chetchaiin,1
A,chetcho,1
A,chetchy,4
A,chetody,1
A,chety,8
A,chey,78
A,cheyd,1
A,cheykey,1
A,cheys,1
A,cheyty,1
A,chforaiin,1
A,chhy,1
A,chiin,1
A,chka,1
A,chkaiin,9
A,chkain,1
A,chkalar,1
A,chkalchy,1
A,chkaly,1
A,chkam,1
A,chkar,6
A,chkchean,1
A,chkcheean,1
A,chkchol,2
A,chkchory,1
A,chkchy,6
A,chkdain,1
A,chkeaiin,1
A,chkear,1
A,chkeeody,1
A,chkeey,7
A,chkeor,1
A,chkey,4
A,chko,1
A,chkodal,1
A,chkol,2
A,chkoldy,2
A,chkor,1
A,chkoy,1
A,chky,3
A,chl,6
A,chlol,1
A,chls,1
A,cho,49
A,choaiin,2
A,choar,1
A,chocfhhg,1
A,chocfhor,1
A,chochar,1
A,chochor,2
A,chochy,4
A,chockhar,1
A,chockhey,4
A,chockhhor,1
A,chockhhy,1
A,chockhol,1
A,chockhor,1
A,chockhy,12
A,chocphor,1
A,chocphy,2
A,choct,2
A,chocthey,5
A,chocthody,1
A,chocthy,12
A,chocty,1
A,chod,6
A,chodaiin,28
A,chodaiindy,1
A,chodain,4
A,chodair,2
A,chodal,1
A,chodalg,1
A,chodaly,3
A,chodam,1
A,chodar,7
A,chodchy,2
A,choddal,1
A,chodey,2
A,chodl,1
A,chodo,1
A,chodol,2
A,chodoldy,1
A,chodr,1
A,chody,44
A,chodykchy,1
A,chodys,1
A,choeee,1
A,choeees,1
A,choees,1
A,choeesy,1
A,choeey,1
A,choek,1
A,choeky,1
A,choety,1
A,chof,1
A,chofaly,1
A,chofary,1
A,chofchody,1
A,chofchol,1
A,chofchy,2
A,chofol,1
A,chofy,1
A,chofydy,1
A,choiin,13
A,chok,3
A,chokaiin,8
A,chokain,3
A,chokal,4
A,chokaly,1
A,chokam,3
A,chokan,2
A,chokar,1
A,chokaro,1
A,chokchaiin,1
A,chokcheey,1
A,chokcheo,1
A,chokchey,2
A,chokcho,2
A,chokchodaiin,1
A,chokchol,4
A,chokchor,1
A,chokchy,13
A,chokeeo,1
A,chokeeodol,1
A,chokeeody,2
A,chokeeoky,1
A,chokeeor,1
A,chokeey,5
A,chokeo,2
A,chokeody,3
A,chokeol,2
A,chokeor,1
A,chokeos,1
A,chokesey,1
A,chokey,6
A,choko,2
A,chokoaiin,1
A,chokody,2
A,chokoiin,1
A,chokoishe,1
A,chokokor,1
A,chokol,3
A,chokoldy,1
A,chokolg,1
A,chokor,3
A,chokoran,1
A,chokshchy,1
A,chokshor,1
A,chokshy,1
A,choksy,1
A,choky,26
A,chokyt,1
A,chol,280
A,cholaiin,3
A,cholal,1
A,cholaly,1
A,cholar,1
A,cholchaiin,1
A,choldaiin,1
A,choldal,1
A,choldar,1
A,choldchy,1
A,choldshy,1
A,choldy,8
A,cholfy,1
A,cholkar,1
A,cholkcheol,1
A,cholkeedy,1
A,cholkeey,1
A,cholo,1
A,cholody,4
A,cholol,2
A,chololer,1
A,cholols,2
A,chololy,1
A,cholor,2
A,cholp,1
A,cholraly,1
A,chols,2
A,cholsho,1
A,choltaiin,1
A,choltaly,1
A,choltam,1
A,choly,11
A,chom,15
A,chon,1
A,choo,1
A,chool,1
A,choor,2
A,chop,1
A,chopchal,1
A,chopcheey,1
A,chopcho,1
A,chopchol,1
A,chopchy,2
A,chopdain,1
A,chopol,1
A,chopy,3
A,chor,182
A,choraiin,3
A,chorain,1
A,choraly,1
A,chorcholsal,1
A,chorchy,1
A,chordom,1
A,chordy,2
A,choro,1
A,chorochy,1
A,chorody,1
A,choroiin,1
A,chorol,1
A,chorom,1
A,choror,3
A,choross,1
A,chory,11
A,chos,23
A,chosaiin,2
A,chosals,1
A,chosar,1
A,chosaroshol,1
A,choschy,1
A,choshy,3
A,chosory,1
A,chosy,1
A,chot,3
A,chotaiin,6
A,chotain,1
A,chotais,1
A,chotam,2
A,chotar,3
A,chotcheey,1
A,chotcheol,1
A,chotchey,3
A,chotcheytchol,1
A,chotcho,1
A,chotchody,1
A,chotchol,1
A,chotchy,11
A,choteeen,1
A,choteeey,1
A,choteey,1
A,choteol,2
A,chotey,3
A,choto,2
A,chotody,1
A,chotol,5
A,chotols,3
A,chotom,2
A,chotor,4
A,chots,1
A,chotshol,2
A,chotshy,1
A,choty,22
A,chotyokchy,1
A,choy,11
A,chpady,1
A,chpal,1
A,chpcheos,1
A,chpchey,1
A,chpchol,1
A,chr,3
A,chrky,1
A,chs,10
A,chschsa,1
A,chsea,1
A,chseeor,1
A,chsey,1
A,chshol,1
A,chshoty,1
A,chshy,1
A,chsm,1
A,chso,1
A,chtaem,1
A,chtaiin,1
A,chtain,1
A,chtaldy,1
A,chtar,1
A,chtchey,1
A,chtchor,1
A,chtchy,1
A,chtchyf,1
A,chteeor,1
A,chteor,1
A,chtod,1
A,chtodaiin,1
A,chtody,2
A,chtoiin,1
A,chtoithy,1
A,chtol,2
A,chtols,1
A,chtor,2
A,chtshar,1
A,chtshy,1
A,chty,7
A,chy,103
A,chyd,1
A,chydy,1
A,chykald,1
A,chykar,1
A,chykchy,2
A,chykey,2
A,chyky,5
A,chypaldy,1
A,chypcham,1
A,chypchy,1
A,chyqo,1
A,chyt,1
A,chytaroiin,1
A,chytchy,1
A,chyty,3
A,ck,2
A,ckaiin,1
A,ckcheey,1
A,ckcho,1
A,ckchol,1
A,ckey,1
A,ckhaiin,3
A,ckhal,2
A,ckham,3
A,ckhar,2
A,ckhear,1
A,ckheckhy,1
A,ckheeey,1
A,ckheeody,1
A,ckheeol,1
A,ckheey,9
A,ckheo,3
A,ckheod,1
A,ckheodar,1
A,ckheody,5
A,ckheokey,1
A,ckheol,6
A,ckheor,1
A,ckheos,2
A,ckhey,28
A,ckhhy,3
A,ckho,3
A,ckhochy,1
A,ckhocthy,1
A,ckhod,1
A,ckhody,4
A,ckhoiin,1
A,ckhol,20
A,ckholdy,1
A,ckholsy,1
A,ckholy,1
A,ckhoor,1
A,ckhor,8
A,ckhory,1
A,ckhos,3
A,ckhoy,1
A,ckhs,1
A,ckhy,29
A,ckhydom,1
A,ckhyds,1
A,ckooaiin,1
A,cky,2
A,co,1
A,coain,1
A,coeky,1
A,coy,1
A,cphaiin,6
A,cphain,1
A,cphal,1
A,cphaldy,1
A,cphar,3
A,cpharom,1
A,cphary,1
A,cphchar,1
A,cphdaithy,1
A,cphealy,1
A,cpheckhy,2
A,cpheeaiin,1
A,cpheey,1
A,cpheo,1
A,cpheocthy,1
A,cpheodaiin,1
A,cpheodar,1
A,cpheodor,1
A,cpheody,2
A,cpheol,3
A,cpheor,3
A,cpheos,1
A,cphesaiin,1
A,cphey,4
A,cpheyr,1
A,cpho,2
A,cphoaiin,1
A,cphoal,1
A,cphoar,1
A,cphod,1
A,cphodaiils,1
A,cphodal,1
A,cphodales,1
A,cphodar,1
A,cphodol,1
A,cphody,1
A,cphoeedol,1
A,cphokchol,1
A,cphol,12
A,cpholdy,2
A,cphom,1
A,cphor,5
A,cphorods,1
A,cphoy,2
A,cphy,10
A,cphydy,1
A,cpy,1
A,csees,1
A,cshe,1
A,csol,1
A,ct,10
A,ctchey,1
A,ctchy,2
A,ctey,1
A,cth,5
A,ctha,1
A,cthachcthy,1
A,cthaichar,1
A,cthaiin,13
A,cthaildy,1
A,cthain,4
A,cthal,6
A,ctham,1
A,cthan,1
A,cthar,17
A,cthchy,2
A,cthckeom,1
A,cthd,1
A,cthdaoto,1
A,cthdeecthy,1
A,cthear,1
A,cthedy,1
A,ctheea,1
A,ctheees,1
A,ctheen,1
A,cthees,1
A,ctheey,10
A,ctheo,1
A,ctheockhosho,1
A,ctheod,2
A,ctheodal,1
A,ctheodody,1
A,ctheody,6
A,ctheol,9
A,ctheoly,1
A,ctheor,5
A,ctheos,1
A,ctheotol,1
A,cthes,2
A,cthey,39
A,cthhy,1
A,cthl,1
A,ctho,15
A,cthoary,1
A,cthochy,1
A,cthod,4
A,cthodaiin,1
A,cthodaiis,1
A,cthodaim,1
A,cthodal,2
A,cthodam,1
A,cthodar,1
A,cthodd,1
A,cthodoaly,1
A,cthodol,2
A,cthody,16
A,cthog,1
A,cthoiin,2
A,cthol,56
A,cthold,1
A,ctholdar,1
A,ctholdg,1
A,ctholdy,1
A,ctholo,1
A,cthols,2
A,ctholy,4
A,cthom,9
A,cthoo,1
A,cthoor,1
A,cthor,42
A,cthoral,1
A,cthorchy,1
A,cthory,2
A,cthos,1
A,cthoshol,1
A,cthosm,1
A,cthosy,1
A,cthres,1
A,cths,1
A,cthscthain,1
A,cthy,101
A,cthyaiin,1
A,cthyd,1
A,cto,1
A,ctoiin,1
A,ctol,1
A,cty,2
A,cy,1
A,d,31
A,da,5
A,dachy,1
A,dady,2
A,daicthy,1
A,daid,1
A,daiidal,1
A,daiidy,3
A,daiiin,10
A,daiiine,1
A,daiiirchy,1
A,daiiithy,1
A,daiild,1
A,daiildy,1
A,daiim,4
A,daiin,512
A,daiindy,1
A,daiino,1
A,daiinol,1
A,daiiny,1
A,daiioam,1
A,daiiody,1
A,daiiol,1
A,daiir,7
A,daiirol,1
A,daiiry,1
A,daiis,1
A,daiity,1
A,daiiy,1
A,daikam,1
A,daikeody,1
A,dail,1
A,daim,6
A,daimd,1
A,daimm,1
A,daimom,1
A,dain,93
A,dainaldy,1
A,daind,1
A,daing,1
A,dainl,1
A,dainod,1
A,dainor,1
A,dair,40
A,dairair,1
A,dairal,1
A,daird,1
A,dairin,3
A,dairl,2
A,dairo,3
A,dairodg,1
A,dairy,2
A,dais,3
A,daisin,1
A,daisn,1
A,dait,1
A,dakocth,1
A,daky,1
A,dal,85
A,dala,1
A,dalal,1
A,dalaldam,1
A,dalam,1
A,dalar,3
A,dalas,1
A,dalchdy,1
A,dalchor,1
A,dalchy,2
A,dald,1
A,daldaiin,3
A,daldal,1
A,daldalol,1
A,daldy,7
A,dalg,1
A,dalody,1
A,dalol,1
A,dalols,1
A,dalor,4
A,dalory,1
A,dals,3
A,dalshdy,1
A,dalsy,1
A,daly,7
A,dalychs,1
A,dalydal,1
A,dam,47
A,damo,3
A,dan,17
A,daor,1
A,dar,96
A,daraiiin,1
A,daraiin,1
A,daraiinm,1
A,daral,1
A,darala,1
A,daraly,1
A,daram,1
A,daramdal,1
A,darams,1
A,darar,2
A,dararda,1
A,darcheos,1
A,darchor,1
A,dardsh,1
A,dardy,1
A,dareky,1
A,darodsf,1
A,darody,1
A,darolaly,1
A,darolm,1
A,darom,1
A,daror,1
A,darshody,1
A,dary,6
A,das,2
A,dasady,1
A,dasain,1
A,dayty,1
A,dchaiin,4
A,dchain,1
A,dchairam,1
A,dchal,1
A,dcham,1
A,dchar,4
A,dchchy,1
A,dchckhy,3
A,dchcthy,1
A,dchd,1
A,dchdy,1
A,dcheaiin,1
A,dcheeckhos,1
A,dcheecthey,1
A,dcheeey,1
A,dcheeol,1
A,dcheey,5
A,dcheo,4
A,dcheocy,1
A,dcheodaiin,1
A,dcheodain,1
A,dcheody,1
A,dcheoky,1
A,dcheol,1
A,dcheor,3
A,dcheos,1
A,dcheoteos,1
A,dchey,11
A,dchir,1
A,dchm,1
A,dcho,5
A,dchod,1
A,dchodaiin,2
A,dchody,1
A,dchog,2
A,dchokchy,3
A,dchol,19
A,dcholdy,1
A,dcholy,1
A,dchom,1
A,dchor,23
A,dchorol,1
A,dchos,1
A,dchoty,1
A,dchschy,1
A,dchsy,1
A,dchy,25
A,dchyd,1
A,dchydy,1
A,dchytchy,1
A,dck,1
A,dcthody,1
A,dcthy,1
A,dd,1
A,ddor,2
A,ddy,2
A,deaiin,1
A,ded,1
A,dedloy,1
A,deeaiir,1
A,deeamshol,1
A,deeeese,1
A,deeeod,1
A,deees,1
A,deeey,1
A,deeo,1
A,deeocthey,1
A,deeor,2
A,deey,4
A,dein,1
A,deody,1
A,deol,1
A,desey,1
A,dey,1
A,dg,1
A,diiiin,1
A,diiin,1
A,diil,1
A,dkeeor,1
A,dkol,1
A,dksheey,1
A,dkshy,1
A,dky,1
A,dl,3
A,dloct,1
A,dlod,1
A,dlos,1
A,dls,1
A,dlssho,1
A,dly,1
A,do,13
A,doaiin,2
A,doal,1
A,dochod,1
A,dockhy,1
A,dod,1
A,dodaiin,1
A,dodar,1
A,dody,3
A,doeeeesm,1
A,doeey,1
A,doefshey,1
A,doeoeas,1
A,doiiin,2
A,doiin,14
A,doiir,6
A,doiiram,1
A,doiisaly,1
A,doikhy,1
A,doin,2
A,dokor,1
A,doky,1
A,dol,63
A,dolar,1
A,dolary,1
A,dolchds,1
A,dolcheey,1
A,dolchey,2
A,dolchoy,1
A,dolchsyckheol,1
A,dold,1
A,doldaiin,2
A,doldam,1
A,doldom,1
A,dolds,1
A,doldy,1
A,doleeey,1
A,doleodaiin,1
A,dolo,1
A,dolody,1
A,dolsain,1
A,dolshy,1
A,doly,2
A,dom,7
A,dor,51
A,dorain,1
A,doral,1
A,dorar,1
A,dorchory,1
A,dordod,1
A,dorean,1
A,dorg,1
A,dorl,1
A,dorody,1
A,doroiin,2
A,doror,1
A,dorsheoy,1
A,dory,4
A,dos,1
A,doteoda,1
A,dotody,1
A,doty,1
A,dpchy,2
A,dralas,1
A,ds,3
A,dscheey,1
A,dsh,1
A,dshaly,1
A,dshcheal,1
A,dshe,2
A,dsheeor,1
A,dsheey,2
A,dsheody,1
A,dsheog,1
A,dsheol,2
A,dsheor,3
A,dsheos,1
A,dshey,4
A,dsho,9
A,dshodal,1
A,dshodar,1
A,dshody,2
A,dshol,1
A,dsholdy,1
A,dsholy,1
A,dshor,11
A,dshoy,1
A,dshy,7
A,dso,1
A,dtchan,1
A,dteodoiin,1
A,dtoaiin,1
A,dtor,1
A,dtshol,1
A,dy,124
A,dychear,1
A,dychokchy,1
A,dydain,1
A,dydariin,1
A,dydchy,1
A,dydy,2
A,dydyd,1
A,dydydy,1
A,dyeees,1
A,dykaiin,2
A,dykchal,1
A,dykchy,2
A,dykeor,1
A,dyky,2
A,dyotyds,1
A,dypchy,1
A,dys,1
A,dytal,1
A,dytchor,1
A,dytchy,2
A,dytoly,1
A,dytory,1
A,dyty,1
A,e,3
A,eair,1
A,ealam,1
A,eddy,1
A,eear,1
A,eeckhy,1
A,eeeey,1
A,eeeokor,1
A,eeeoly,1
A,eees,2
A,eeey,1
A,een,1
A,eeor,3
A,eeos,1
A,eeoseeos,1
A,ees,2
A,eesos,1
A,eey,2
A,ekchey,1
A,ekchody,1
A,ekey,1
A,ekokeey,1
A,ekshy,1
A,el,1
A,eo,2
A,eocthy,1
A,eol,1
A,eor,1
A,eosaiin,1
A,esechor,1
A,esedy,1
A,etaiin,1
A,etchal,1
A,etcheody,1
A,eteeys,1
A,eteor,1
A,etodaiin,1
A,etodaithey,1
A,etolctheol,1
A,etsees,1
A,ety,3
A,etyd,1
A,f,2
A,fachys,1
A,faiir,1
A,faiis,1
A,far,1
A,fcheody,2
A,fcheolain,1
A,fcheos,1
A,fchey,1
A,fcho,1
A,fchochor,1
A,fchodaiin,1
A,fchodees,1
A,fchodycheol,1
A,fchoiin,1
A,fchokshy,1
A,fchol,3
A,fcholdy,2
A,fcholy,1
A,fchom,1
A,fchoy,1
A,fchy,1
A,foar,2
A,fochof,1
A,fochor,1
A,fodaiin,1
A,fodan,1
A,fol,1
A,folcfhhy,1
A,folchol,1
A,fold,1
A,foldaiin,1
A,folr,1
A,folshody,1
A,fshodchy,1
A,fshody,1
A,fsholom,1
A,fshor,1
A,g,7
A,gaiin,1
A,hol,1
A,hr,1
A,iiincheom,1
A,iin,1
A,ikheeos,1
A,k,2
A,ka,2
A,kaiiidal,1
A,kaiiin,1
A,kaiim,1
A,kaiin,17
A,kain,2
A,kair,2
A,kal,2
A,kaldy,1
A,kalshey,1
A,kam,2
A,kan,1
A,kar,5
A,kary,1
A,kcck,1
A,kchaiin,3
A,kchain,1
A,kchal,1
A,kchaldy,1
A,kcham,1
A,kchar,2
A,kchdal,1
A,kchdol,1
A,kchdy,1
A,kcheals,1
A,kcheat,1
A,kcheed,1
A,kcheey,3
A,kcheodaiin,1
A,kcheol,5
A,kcheor,2
A,kchey,13
A,kcho,6
A,kchoan,1
A,kchoar,1
A,kchochaiin,1
A,kchod,3
A,kchodan,1
A,kchody,3
A,kchokchy,2
A,kchol,18
A,kcholy,1
A,kchom,2
A,kchor,19
A,kchorchor,1
A,kchorl,1
A,kchoror,1
A,kchos,3
A,kchoy,1
A,kchrrr,1
A,kchs,1
A,kchsy,1
A,kchy,26
A,kchydy,1
A,kdchody,1
A,kechy,2
A,keeaiin,1
A,keechy,1
A,keeees,1
A,keeeol,1
A,keeeos,1
A,keees,1
A,keeey,4
A,keem,1
A,keeo,6
A,keeod,1
A,keeodaiin,1
A,keeodol,1
A,keeody,3
A,keeokechy,1
A,keeol,6
A,keeor,4
A,keeos,2
A,keesy,1
A,keey,20
A,keo,2
A,keoar,1
A,keocthy,1
A,keodaiin,1
A,keodal,1
A,keodam,1
A,keody,4
A,keoky,1
A,keol,10
A,keolchey,1
A,keor,7
A,keos,1
A,ker,1
A,keshey,1
A,key,5
A,khey,2
A,khody,1
A,koaiin,2
A,koaiphhy,1
A,koair,1
A,koar,1
A,kocheor,1
A,kochky,1
A,kochor,1
A,kockhas,1
A,kod,2
A,kodaiin,3
A,kodalchy,1
A,kodam,1
A,koddy,1
A,kodl,1
A,kodshey,1
A,kodshol,1
A,kody,3
A,koeeorain,1
A,koees,1
A,koiin,4
A,kokaiin,2
A,koky,1
A,kol,27
A,kolcheey,1
A,kolches,1
A,koldaky,1
A,koldal,2
A,koldarod,1
A,koldy,3
A,koleearol,1
A,kolor,1
A,kolotam,1
A,kolschees,1
A,kolsho,1
A,koltoldy,1
A,koly,1
A,kolyky,1
A,kom,2
A,kooiin,2
A,kor,18
A,koraiin,2
A,korain,2
A,korare,1
A,korary,1
A,kory,1
A,kos,3
A,kosar,1
A,koshet,1
A,koshey,1
A,kosholda,1
A,kotchody,1
A,ksh,1
A,kshaiin,1
A,kshar,2
A,kshardy,1
A,ksheo,3
A,ksheodal,1
A,ksheodl,1
A,ksheody,3
A,ksheol,1
A,kshes,1
A,kshey,3
A,ksho,8
A,kshodaiin,1
A,kshody,3
A,kshol,2
A,ksholochey,1
A,kshor,2
A,kshotol,1
A,kshoy,1
A,kshy,4
A,ksor,1
A,ky,14
A,kydain,1
A,kydainy,1
A,kyty,1
A,l,9
A,laldan,1
A,lch,2
A,lchaiin,1
A,lchal,1
A,lchar,1
A,lchdy,1
A,lchedy,1
A,lcheody,1
A,lchey,1
A,lchody,1
A,lchol,2
A,lchor,1
A,ldain,1
A,ldals,1
A,ldy,3
A,lkaldy,1
A,lkeey,1
A,lkeo,1
A,lkeopol,1
A,lkody,1
A,lo,1
A,lochey,1
A,lodaly,1
A,lody,1
A,loeees,1
A,loiiin,2
A,lokaiin,1
A,lol,4
A,lolain,1
A,lolchor,1
A,lor,4
A,loralody,1
A,lory,1
A,los,1
A,loy,1
A,lpychol,1
A,ls,2
A,lsais,1
A,lseeey,1
A,lsho,1
A,lshody,1
A,lshy,2
A,ltcheody,1
A,ltchey,1
A,ly,2
A,m,4
A,mar,1
A,mol,1
A,n,3
A,o,37
A,oaiin,13
A,oaiir,2
A,oain,3
A,oair,1
A,oairar,1
A,oaithy,1
A,oal,1
A,oaldary,1
A,oaorar,1
A,oar,3
A,oaro,1
A,oc,1
A,ochaiin,1
A,ochaly,1
A,ochar,1
A,ochdy,1
A,ocheeky,1
A,ocheodaiin,1
A,ocheos,1
A,ochepchody,1
A,ochey,2
A,ochkchar,1
A,ocho,3
A,ochoaiin,1
A,ochockhy,1
A,ochody,1
A,ochoiky,1
A,ochokeey,1
A,ochol,3
A,ocholdy,1
A,ocholshod,1
A,ocholy,1
A,ochor,5
A,ochy,4
A,ockh,1
A,ockhey,4
A,ockhody,1
A,ockhoees,1
A,ockhol,1
A,ockhor,1
A,ockhy,5
A,ocphal,1
A,ocpheo,1
A,ocphoraiin,1
A,ocphy,1
A,oct,1
A,octhain,1
A,octham,1
A,octheody,1
A,octhey,1
A,octhodaly,1
A,octhody,2
A,octhol,1
A,octhos,2
A,octhy,2
A,od,4
A,odaidy,1
A,odaiiily,1
A,odaiil,1
A,odaiim,1
A,odaiin,27
A,odaiir,1
A,odain,3
A,odal,4
A,odalaly,1
A,odalar,1
A,odaldy,1
A,odalydary,1
A,odam,2
A,odan,2
A,odar,6
A,odariin,1
A,odchaiin,1
A,odchees,1
A,odchy,1
A,odeeeeodl,1
A,odeeeey,1
A,odeey,1
A,odeor,1
A,odey,1
A,odl,1
A,odoiin,1
A,odol,2
A,odor,3
A,odory,1
A,ods,1
A,odshchol,1
A,odshe,1
A,ody,12
A,odyd,1
A,oeeaiin,1
A,oeear,2
A,oeeees,1
A,oeeen,1
A,oeeeos,1
A,oeees,5
A,oeeesary,1
A,oeeesoy,1
A,oeeey,1
A,oeeo,2
A,oeeockhy,1
A,oeeor,2
A,oees,4
A,oeesody,1
A,oeesordy,1
A,oeey,1
A,oekeody,1
A,oekey,1
A,oekor,1
A,oeksa,1
A,oeo,1
A,oeoikhy,1
A,oeor,2
A,oepchksheey,1
A,oes,1
A,oesearees,1
A,oetalchg,1
A,ofadain,1
A,ofaiin,2
A,ofakal,1
A,ofal,1
A,ofaldo,1
A,ofaror,1
A,ofchar,2
A,ofchedol,1
A,ofcheol,1
A,ofchey,2
A,ofchol,1
A,ofchor,1
A,ofchory,1
A,ofchoshy,1
A,ofchy,1
A,oforain,1
A,ofychey,1
A,ofyskydal,1
A,oheekar,1
A,oiiin,2
A,oiin,14
A,oiir,2
A,oika,1
A,oin,1
A,oir,1
A,oishy,1
A,ok,3
A,oka,1
A,okachey,1
A,okadaiin,1
A,okai,1
A,okaiikhal,1
A,okaiin,35
A,okaiir,5
A,okain,7
A,okair,3
A,okal,29
A,okalal,2
A,okalar,1
A,okalchy,1
A,okald,1
A,okalda,1
A,okaldy,3
A,okalody,1
A,okalor,1
A,okalsalchey,1
A,okaly,5
A,okalys,1
A,okam,5
A,okan,2
A,okaor,1
A,okar,15
A,okary,3
A,okay,1
A,okchafdy,1
A,okchain,1
A,okchal,3
A,okchan,2
A,okchar,3
A,okche,1
A,okcheeg,1
A,okcheey,2
A,okcheod,1
A,okcheody,1
A,okcheol,1
A,okcheor,2
A,okchesy,1
A,okchey,13
A,okcho,4
A,okchochor,1
A,okchod,1
A,okchoda,1
A,okchodeey,1
A,okchodshy,1
A,okchody,2
A,okchokol,1
A,okchokshy,1
A,okchol,11
A,okchom,2
A,okchop,1
A,okchor,14
A,okchoy,1
A,okchshy,1
A,okchy,16
A,okeaiin,1
A,okeal,4
A,okeam,1
A,okear,2
A,okearcheol,1
A,okechod,1
A,okechy,1
A,okeeaiin,1
A,okeeam,1
A,okeedy,2
A,okeeeo,1
A,okeeeol,1
A,okeeey,7
A,okeeo,2
A,okeeodaiin,1
A,okeeody,3
A,okeeol,9
A,okeeom,1
A,okeeor,6
A,okeeoraiin,1
A,okeeos,1
A,okeeoy,1
A,okeer,1
A,okeey,32
A,okeo,3
A,okeoaiin,1
A,okeod,2
A,okeodaiin,1
A,okeodal,1
A,okeodor,1
A,okeody,9
A,okeokear,1
A,okeol,38
A,okeoldy,1
A,okeols,1
A,okeoly,4
A,okeom,5
A,okeor,14
A,okeos,2
A,okeoschso,1
A,okeoy,2
A,okes,1
A,okesy,1
A,okey,19
A,oko,3
A,okoaiin,1
A,okockhy,1
A,okod,2
A,okodaiin,2
A,okodar,1
A,okody,5
A,okoeos,1
A,okoiin,7
A,okokchal,1
A,okokchodm,1
A,okokom,1
A,okol,48
A,okolaiin,2
A,okolchy,1
A,okoldaly,1
A,okoldody,1
A,okoldy,3
A,okolo,1
A,okolol,2
A,okolor,2
A,okols,2
A,okoly,3
A,okolyd,1
A,okom,5
A,okor,23
A,okoraiin,2
A,okorair,1
A,okoraldy,1
A,okoramog,1
A,okoroeey,1
A,okorory,1
A,okory,1
A,okos,3
A,okoy,3
A,okseey,1
A,okshal,1
A,okshd,1
A,oksheo,1
A,okshes,1
A,okshey,1
A,oksho,4
A,okshodeeen,1
A,okshody,1
A,okshol,1
A,oksholshol,1
A,okshor,1
A,okshy,5
A,oky,45
A,okytaiin,1
A,ol,103
A,olaen,1
A,olaiin,12
A,olaiior,1
A,olaiir,1
A,olain,1
A,olald,1
A,olaldy,2
A,olalor,1
A,olals,1
A,olaly,2
A,olar,1
A,olaraly,1
A,olaran,1
A,olcfholy,1
A,olch,1
A,olcha,1
A,olchad,1
A,olchar,1
A,olchear,1
A,olchedy,1
A,olcheem,1
A,olcheeol,1
A,olcheety,1
A,olcheey,4
A,olcheody,1
A,olcheol,4
A,olcheom,1
A,olcheor,2
A,olchey,5
A,olchocfhy,1
A,olchod,1
A,olchoiin,1
A,olchokal,1
A,olchor,3
A,olchsy,1
A,olchy,1
A,olcphy,1
A,olct,1
A,old,1
A,oldaiin,7
A,oldaim,1
A,oldain,2
A,oldal,2
A,oldam,4
A,oldar,3
A,oldckhy,1
A,oldeey,1
A,oldor,1
A,oldy,8
A,oleeam,1
A,oleeckhey,1
A,oleees,2
A,oleeey,1
A,oleeol,1
A,oleesey,1
A,olekar,1
A,olekor,1
A,olfcham,1
A,olfchor,1
A,olkaly,1
A,olkam,1
A,olkeal,1
A,olkeeody,1
A,olkeeoldy,1
A,olkees,1
A,olkeey,2
A,olkeeycthy,1
A,olkeol,3
A,olkey,2
A,olkor,1
A,olky,1
A,olo,3
A,olockhy,1
A,olody,1
A,oloiin,1
A,oloiir,1
A,oloiram,1
A,olol,6
A,ololdy,1
A,olols,2
A,ololy,1
A,olom,1
A,olor,4
A,oloro,1
A,olpchey,1
A,olrodar,1
A,ols,7
A,olsaiin,1
A,olsar,1
A,olseeg,1
A,olsheeosol,1
A,olsheey,1
A,olsheod,1
A,olsheody,1
A,olsheol,1
A,olshly,1
A,olsho,2
A,olshy,2
A,olsy,2
A,oltchey,1
A,oltchy,1
A,oltshey,1
A,oltsho,1
A,olty,1
A,oly,9
A,olytol,1
A,om,9
A,omam,1
A,oochockhy,1
A,oolsal,1
A,oor,1
A,ooror,1
A,opaiin,3
A,opal,2
A,opaldaiin,1
A,opalefom,1
A,opaloiiry,1
A,opam,1
A,opar,2
A,oparal,1
A,opchaiin,1
A,opchal,2
A,opchaldy,1
A,opchar,1
A,opcharoiin,1
A,opchdard,1
A,opcheaiin,1
A,opchear,1
A,opcheas,1
A,opcheear,1
A,opcheedoy,1
A,opcheey,1
A,opcheodal,1
A,opcheol,3
A,opcheor,2
A,opchey,5
A,opchod,1
A,opchody,1
A,opchol,5
A,opchor,4
A,opchordy,1
A,opchosam,1
A,opchy,8
A,opchytcy,1
A,opod,1
A,opodaiin,1
A,opol,2
A,opolkeor,1
A,opolkod,1
A,opolsy,1
A,opom,1
A,opor,2
A,oporar,1
A,oporody,1
A,opsheolaiin,1
A,opsho,1
A,opshody,1
A,opy,3
A,opyaiin,1
A,opydaiin,3
A,opydg,1
A,opydy,2
A,opykey,1
A,oqoeeol,1
A,oqoor,1
A,oqotaly,1
A,oqotar,1
A,or,100
A,oracphy,1
A,oraiin,8
A,oraiino,1
A,orain,2
A,oral,3
A,oralar,1
A,orald,1
A,oraloly,1
A,oram,1
A,oran,1
A,orar,4
A,oraroekeol,1
A,orarol,1
A,orchaiin,1
A,orcheey,2
A,orchey,2
A,orchl,1
A,orcho,1
A,orchor,1
A,oreeey,1
A,oreey,1
A,oreso,1
A,orey,1
A,org,1
A,oriin,1
A,orky,1
A,oro,3
A,orockhey,1
A,orol,2
A,orolaly,1
A,orolodain,1
A,orom,1
A,oror,1
A,orsheoldy,1
A,orshos,1
A,orshy,1
A,ory,5
A,os,18
A,osaiin,1
A,osain,1
A,osal,2
A,osaro,1
A,osary,1
A,oscheor,1
A,oscho,1
A,oschotshl,1
A,oschy,1
A,osh,1
A,oshaiin,1
A,oshctho,1
A,osheokaiin,1
A,osho,1
A,oshol,1
A,oshor,2
A,osocthor,1
A,osos,1
A,ot,2
A,otaiin,33
A,otaiir,2
A,otain,3
A,otaiphy,1
A,otair,2
A,otairin,1
A,otakar,1
A,otal,24
A,otala,1
A,otalal,1
A,otalam,1
A,otalar,1
A,otalchal,1
A,otald,1
A,otaldy,3
A,otalor,1
A,otals,1
A,otalsy,1
A,otaly,5
A,otam,7
A,otan,1
A,otar,12
A,otaram,1
A,otaramy,1
A,otarchol,1
A,otariin,1
A,otaro,1
A,otary,1
A,otch,1
A,otchaiin,2
A,otchal,3
A,otchald,1
A,otcham,4
A,otchar,4
A,otchdal,2
A,otchdy,1
A,otcheey,1
A,otcheol,1
A,otcheolom,1
A,otcheor,3
A,otchey,11
A,otchm,1
A,otcho,8
A,otchodar,1
A,otchodor,1
A,otchody,2
A,otchol,26
A,otcholcheaiin,1
A,otcholchy,1
A,otcholocthol,1
A,otchom,1
A,otchor,16
A,otchordy,1
A,otchos,1
A,otchoty,1
A,otchy,30
A,otchyky,1
A,otdordy,1
A,otdy,1
A,ote,1
A,otear,1
A,otechy,1
A,oteeaiin,1
A,oteedy,1
A,oteee,1
A,oteeen,1
A,oteees,1
A,oteeo,1
A,oteeoaly,1
A,oteeod,1
A,oteeody,2
A,oteeol,2
A,oteeor,3
A,oteeos,1
A,oteey,14
A,oteo,2
A,oteoc,1
A,oteod,1
A,oteodaiin,1
A,oteodal,2
A,oteodchy,1
A,oteody,5
A,oteoefol,1
A,oteol,15
A,oteom,1
A,oteor,3
A,oteory,1
A,oteos,5
A,otey,6
A,otly,1
A,oto,1
A,otoaiin,1
A,otochor,1
A,otockey,1
A,otod,1
A,otodar,1
A,otodeeodor,1
A,otody,2
A,otoiin,2
A,otoikhy,1
A,otokol,1
A,otoky,2
A,otol,40
A,otolarol,1
A,otolchey,2
A,otoldy,8
A,otolfcho,1
A,otolky,1
A,otoloaiin,1
A,otolodal,1
A,otolom,1
A,otolosheey,1
A,otolsar,1
A,otolsheeos,1
A,otoly,1
A,otor,16
A,otoraiin,1
A,otorain,1
A,otoralchy,1
A,otoram,1
A,otorar,1
A,otorchety,1
A,otorchy,1
A,otory,2
A,otos,1
A,otosy,1
A,otota,1
A,otoy,1
A,otshaiin,1
A,otshal,1
A,otshchor,1
A,otsheey,1
A,otshey,1
A,otsho,1
A,otshol,2
A,otshor,1
A,otshy,4
A,oty,41
A,otyda,1
A,otydal,1
A,otydary,1
A,otydy,2
A,otykeey,1
A,otykol,1
A,otyky,1
A,otyshy,1
A,otytam,1
A,otytchol,1
A,otytchy,1
A,oy,2
A,oyd,1
A,oydar,1
A,oykchor,1
A,oykeey,1
A,oykshy,1
A,oys,1
A,oyshy,1
A,oyteey,1
A,oytor,1
A,oytoyd,1
A,oyty,1
A,p,2
A,paiin,2
A,par,1
A,pchafdan,1
A,pchaiin,1
A,pchair,1
A,pchar,2
A,pcharasy,1
A,pchdy,1
A,pchear,1
A,pcheey,3
A,pcheodar,1
A,pcheody,2
A,pcheol,4
A,pcheoldom,1
A,pcheoly,1
A,pcheor,1
A,pchey,1
A,pcho,1
A,pchocthy,3
A,pchocty,1
A,pchodaiin,4
A,pchodal,1
A,pchodar,1
A,pchodol,2
A,pchody,1
A,pchofychy,1
A,pchoiiin,1
A,pchol,3
A,pcholy,1
A,pchom,1
A,pchooiin,1
A,pchor,6
A,pchotchy,1
A,pchraiin,1
A,pchshy,1
A,pchy,2
A,pd,1
A,pdrairdy,1
A,pdychoiin,1
A,phoo,1
A,poaiin,1
A,poalshsal,1
A,poaly,1
A,pochaiin,1
A,pocheody,1
A,podaiin,2
A,podaiir,2
A,podairol,1
A,podchey,1
A,podeesho,1
A,poeeaiin,1
A,poeear,1
A,poeeas,1
A,pofochey,1
A,poiis,1
A,pol,2
A,polaiin,1
A,polal,1
A,poldchody,1
A,poldy,1
A,poleeol,1
A,polyshy,1
A,por,2
A,poraiin,1
A,porechol,1
A,poror,1
A,porory,1
A,porshols,1
A,posheor,1
A,poshody,1
A,poshol,1
A,possheody,1
A,potol,1
A,potoy,1
A,psheey,1
A,psheoas,1
A,psheodshy,1
A,psheoepoain,1
A,psheot,1
A,pshoain,1
A,pshod,1
A,pshodaiin,1
A,pshol,3
A,pshy,1
A,py,2
A,pydaeey,1
A,pydaiin,2
A,pydaly,1
A,pydchdom,1
A,pydeey,1
A,pykydal,1
A,pysaiinor,1
A,q,2
A,qchodal,1
A,qckheol,1
A,qeaiin,1
A,qekar,1
A,qekeochor,1
A,qekeody,1
A,qekeoldy,1
A,qekeor,1
A,qekor,1
A,qeos,1
A,qkeeey,1
A,qkeeod,1
A,qkeeody,1
A,qkeey,1
A,qkeody,2
A,qkhey,1
A,qkhol,1
A,qkholdy,1
A,qko,1
A,qkol,2
A,qkoldy,1
A,qkory,1
A,qkos,1
A,qo,10
A,qoaiin,10
A,qoaiir,1
A,qoaikhy,1
A,qoain,1
A,qoair,2
A,qoais,1
A,qoal,1
A,qoar,6
A,qocfhey,1
A,qochar,1
A,qocheey,1
A,qocheor,1
A,qocheoty,1
A,qoches,1
A,qocho,1
A,qochodaiin,1
A,qochoithy,1
A,qochol,2
A,qochy,1
A,qockhedy,1
A,qockheey,1
A,qockheol,2
A,qockheor,1
A,qockhey,10
A,qockho,1
A,qockhody,1
A,qockhol,6
A,qockhom,1
A,qockhor,1
A,qockhos,1
A,qockhoy,1
A,qockhy,15
A,qocky,1
A,qocpheeckhy,1
A,qocphey,1
A,qocphody,1
A,qocphy,2
A,qoctaiin,1
A,qoctheol,1
A,qocthey,1
A,qocthody,1
A,qocthol,2
A,qoctholy,1
A,qocthor,1
A,qocthsy,1
A,qocthy,6
A,qod,4
A,qoda,1
A,qodaiikhy,1
A,qodaiin,15
A,qodaim,1
A,qodain,1
A,qodair,1
A,qodal,5
A,qodam,2
A,qodar,7
A,qodchy,2
A,qodckhy,1
A,qodcthy,1
A,qodol,1
A,qodom,1
A,qodor,1
A,qody,5
A,qoeair,1
A,qoear,1
A,qoeear,1
A,qoeeeety,1
A,qoeees,1
A,qoeeey,2
A,qoeeody,1
A,qoeeol,1
A,qoeeor,2
A,qoeey,4
A,qoekaly,1
A,qoekar,1
A,qoekchar,1
A,qoekchy,1
A,qoekeey,2
A,qoekeol,1
A,qoekeor,1
A,qoekol,2
A,qoeol,4
A,qoeor,2
A,qoepsheody,1
A,qoetal,1
A,qoetam,1
A,qoeteey,1
A,qofcheol,1
A,qofcho,1
A,qofchol,1
A,qofchor,1
A,qofoiin,1
A,qofol,1
A,qoforom,1
A,qofshey,1
A,qofydaiin,1
A,qok,2
A,qokaiiin,1
A,qokaiin,22
A,qokaiinos,1
A,qokain,4
A,qokair,5
A,qokairor,2
A,qokal,15
A,qokalam,1
A,qokalar,1
A,qokalchal,1
A,qokalchar,1
A,qokalcheol,1
A,qokaldy,2
A,qokalor,2
A,qokalos,1
A,qokaly,6
A,qokam,3
A,qokar,14
A,qokarary,1
A,qokay,1
A,qokch,1
A,qokchaiin,2
A,qokchain,1
A,qokchd,1
A,qokche,1
A,qokchedy,1
A,qokcheey,1
A,qokcheo,3
A,qokcheody,2
A,qokcheol,1
A,qokcheor,1
A,qokchey,6
A,qokcho,8
A,qokchocthor,1
A,qokchod,4
A,qokchodal,1
A,qokchody,2
A,qokchol,15
A,qokchon,1
A,qokchor,10
A,qokchory,1
A,qokchos,1
A,qokchs,1
A,qokchy,39
A,qokchyky,1
A,qokeaiin,1
A,qokeal,1
A,qokeas,1
A,qokechy,3
A,qokedy,1
A,qokeeaiin,1
A,qokeeam,1
A,qokeechom,1
A,qokeed,1
A,qokeee,1
A,qokeeen,1
A,qokeeeor,1
A,qokeees,2
A,qokeeey,3
A,qokeeo,6
A,qokeeody,3
A,qokeeoky,1
A,qokeeol,5
A,qokeeor,4
A,qokeeos,2
A,qokeey,39
A,qokeo,4
A,qokeod,5
A,qokeoda,1
A,qokeodol,1
A,qokeody,15
A,qokeoefy,1
A,qokeog,1
A,qokeol,34
A,qokeolo,1
A,qokeom,2
A,qokeor,10
A,qokeos,4
A,qokeshs,1
A,qokey,18
A,qokeyl,1
A,qokg,1
A,qokhy,1
A,qokiir,1
A,qoko,3
A,qokochy,1
A,qokod,5
A,qokodal,1
A,qokodar,1
A,qokody,4
A,qokoiiin,2
A,qokoiin,4
A,qokoiir,1
A,qokokchy,1
A,qokol,46
A,qokold,1
A,qokoldy,1
A,qokololal,1
A,qokoly,1
A,qokom,2
A,qokomo,1
A,qokoor,1
A,qokor,16
A,qokoral,1
A,qokorar,2
A,qokos,1
A,qokoy,1
A,qokshdy,1
A,qokshe,1
A,qokshol,1
A,qokshy,4
A,qoky,36
A,qol,6
A,qolaiin,1
A,qolody,1
A,qolsor,1
A,qoochey,1
A,qooiiin,1
A,qooiin,1
A,qooko,1
A,qool,1
A,qooldy,1
A,qoolkeey,1
A,qoor,6
A,qoorar,1
A,qoos,3
A,qop,1
A,qopaiim,1
A,qopal,1
A,qopchaiin,1
A,qopchar,1
A,qopcheody,1
A,qopchey,2
A,qopchol,1
A,qopcholy,1
A,qopchor,3
A,qopchy,5
A,qopchypcho,1
A,qopdol,1
A,qopol,2
A,qopor,1
A,qopy,2
A,qor,8
A,qorain,1
A,qos,2
A,qosaiin,1
A,qoscheody,1
A,qoschodam,1
A,qoshocphy,1
A,qoshy,1
A,qot,5
A,qotaiin,13
A,qotaily,1
A,qotain,2
A,qotair,1
A,qotais,1
A,qotal,5
A,qotalody,1
A,qotalom,1
A,qotam,2
A,qotan,1
A,qotar,2
A,qotchaiin,2
A,qotchain,1
A,qotcham,1
A,qotchar,3
A,qotchd,1
A,qotcheaiin,2
A,qotcheea,1
A,qotcheeaiin,1
A,qotcheo,1
A,qotcheol,3
A,qotchey,8
A,qotcho,9
A,qotchod,2
A,qotchody,1
A,qotchoiin,2
A,qotchol,13
A,qotcholm,1
A,qotchor,14
A,qotchos,1
A,qotchotchy,1
A,qotchy,51
A,qotchytor,1
A,qotea,1
A,qotecheor,1
A,qotechoep,1
A,qoteeeo,1
A,qoteees,2
A,qoteeey,2
A,qoteeo,1
A,qoteeody,1
A,qoteeol,2
A,qoteeoy,1
A,qotees,1
A,qoteey,9
A,qoteo,1
A,qoteody,4
A,qoteol,6
A,qoteold,1
A,qoteor,1
A,qoteotor,1
A,qotey,4
A,qoto,3
A,qotocthey,1
A,qotod,2
A,qotodaiin,1
A,qotodain,1
A,qotody,4
A,qotoees,1
A,qotoeey,2
A,qotoiin,3
A,qotoiir,1
A,qotol,23
A,qotoldy,1
A,qotolo,1
A,qotoly,1
A,qotomody,1
A,qotor,17
A,qotoy,1
A,qotsh,1
A,qotshey,2
A,qotshol,1
A,qotshy,4
A,qoty,29
A,qotyd,1
A,qotyshey,1
A,qoy,5
A,qoykeeey,1
A,qoypchol,1
A,qpol,1
A,qy,1
A,qykchey,1
A,qyoeey,1
A,r,38
A,rady,1
A,raiin,8
A,rainal,1
A,raldy,1
A,ralr,1
A,ram,1
A,rar,1
A,raroshy,1
A,rch,1
A,rchealcham,1
A,rcheey,1
A,rchey,3
A,rcho,1
A,rchody,1
A,rchol,1
A,rchs,1
A,rchseesy,1
A,rchy,2
A,rn,1
A,ro,4
A,roaiin,1
A,rodaiin,1
A,roiry,1
A,rokyd,1
A,rol,1
A,roloty,1
A,rolsy,1
A,roly,1
A,rom,1
A,ron,1
A,ror,1
A,rory,1
A,rotcho,1
A,rs,1
A,ry,4
A,rychos,1
A,s,169
A,sa,2
A,sachy,1
A,sai,1
A,saiichor,1
A,saiidy,1
A,saiiin,1
A,saiim,1
A,saiin,40
A,saiinchy,1
A,saiindy,1
A,saiino,1
A,saiiny,1
A,saiir,1
A,sain,6
A,sair,4
A,sairaly,1
A,sal,17
A,salal,1
A,saldaiin,1
A,saldal,1
A,saldam,1
A,salo,1
A,saloiin,1
A,salol,2
A,sals,1
A,saly,1
A,sam,5
A,samchorly,1
A,san,1
A,sar,20
A,saral,2
A,sarar,1
A,sarg,1
A,saro,1
A,sarol,1
A,sarols,1
A,sary,5
A,satar,1
A,schaiin,1
A,schain,1
A,schar,1
A,scharchy,1
A,schea,1
A,scheaiin,2
A,scheeol,1
A,scheey,1
A,scheo,1
A,scheol,2
A,scheom,1
A,scheor,1
A,schesy,1
A,schey,4
A,scho,1
A,schoal,1
A,schocthhy,1
A,schodain,1
A,schodar,1
A,schodchy,1
A,schody,2
A,schokey,1
A,schol,5
A,schold,1
A,schor,3
A,schos,1
A,schoshe,1
A,schy,2
A,sckhey,1
A,scth,1
A,secheeol,1
A,seees,1
A,seeey,1
A,seey,1
A,seodaiin,1
A,seokol,1
A,sfal,1
A,sh,8
A,sha,1
A,shaiin,14
A,shaikhy,1
A,shain,4
A,shair,1
A,shal,1
A,shalom,1
A,shaly,1
A,sham,2
A,shan,5
A,shar,12
A,sharal,1
A,sharam,1
A,shcfhor,1
A,shcheaiin,1
A,shckheol,1
A,shckhey,2
A,shckhol,1
A,shckhy,5
A,shcphy,2
A,shct,1
A,shcthaiin,1
A,shcthal,1
A,shctheo,1
A,shcthey,2
A,shcthy,5
A,shd,1
A,shdaiin,1
A,shdchy,1
A,shdy,2
A,she,13
A,shea,1
A,sheaiin,8
A,sheain,1
A,sheal,2
A,shealy,1
A,sheam,1
A,shear,5
A,shecthy,1
A,shedaiin,1
A,shedy,2
A,shee,3
A,sheear,2
A,sheeckhey,1
A,sheedom,1
A,sheedy,1
A,sheeetchy,1
A,sheekal,1
A,sheekol,1
A,sheeky,1
A,sheeo,1
A,sheeod,1
A,sheeody,2
A,sheeol,5
A,sheeor,4
A,sheeos,1
A,sheeoy,1
A,shees,3
A,sheetchy,1
A,sheety,1
A,sheey,39
A,sheeyl,1
A,shekar,1
A,shekcheor,1
A,shekealy,1
A,shekeey,1
A,shekey,1
A,shekor,1
A,sheky,6
A,sheo,21
A,sheockhey,2
A,sheockhy,1
A,sheocphy,1
A,sheoct,1
A,sheoctham,1
A,sheod,2
A,sheodaiin,1
A,sheodal,2
A,sheodol,1
A,sheody,15
A,sheoees,1
A,sheoikhy,1
A,sheokeey,1
A,sheokey,1
A,sheoky,2
A,sheol,37
A,sheoldam,1
A,sheoldy,1
A,sheolkeal,1
A,sheolol,1
A,sheols,1
A,sheoltey,1
A,sheom,4
A,sheoor,1
A,sheor,26
A,sheos,6
A,sheotain,1
A,sheoty,1
A,sheoy,2
A,shepchy,1
A,sheqokam,1
A,sher,1
A,shes,1
A,shese,1
A,shesed,1
A,shesee,1
A,sheseky,1
A,shetchy,1
A,shey,60
A,sheyr,1
A,shfydaiin,1
A,shkaiin,2
A,shkchor,1
A,shkchy,1
A,shkeeo,3
A,shkeey,1
A,shkeody,1
A,shko,1
A,shkol,1
A,shkshy,1
A,shky,1
A,shld,1
A,sho,106
A,shoaiin,2
A,shoaldy,1
A,shoar,2
A,shocho,1
A,shochy,1
A,shockhey,3
A,shockho,1
A,shockhsy,1
A,shockhy,4
A,shocphor,1
A,shocthey,1
A,shocthody,1
A,shocthol,1
A,shocthy,9
A,shod,4
A,shodaiin,15
A,shodaim,1
A,shodain,3
A,shodal,3
A,shodam,1
A,shodan,1
A,shodary,1
A,shodol,3
A,shodshey,1
A,shody,26
A,shoeey,1
A,shoekar,1
A,shoeor,1
A,shoety,1
A,shofom,1
A,shoiin,5
A,shoikhy,2
A,shoin,1
A,shok,2
A,shokaiin,1
A,shokal,1
A,shokalol,1
A,shokar,1
A,shokcheey,1
A,shokchy,6
A,shokeeey,1
A,shokeeol,1
A,shokeesy,1
A,shokeey,1
A,shokey,2
A,shokocfhy,1
A,shokog,1
A,shokol,3
A,shokshor,1
A,shoky,5
A,shokyd,1
A,shol,118
A,sholaiin,1
A,sholalam,1
A,sholar,1
A,sholdaiin,1
A,sholdy,4
A,sholfchor,1
A,sholo,1
A,sholoiin,1
A,sholol,1
A,sholor,1
A,shols,1
A,sholteol,1
A,sholy,4
A,shom,4
A,shopchey,1
A,shopchy,2
A,shopolchedy,1
A,shoqoky,1
A,shor,69
A,shorchey,1
A,shordy,1
A,shorkchy,1
A,shorodo,1
A,shorody,1
A,shorpchor,1
A,shory,5
A,shorydar,1
A,shos,6
A,shosaiin,3
A,shoshy,2
A,shot,2
A,shotaiin,1
A,shotcho,1
A,shotchot,1
A,shotchy,1
A,shoteo,1
A,shotey,1
A,shoto,1
A,shotokody,1
A,shotol,3
A,shotoly,1
A,shotshy,1
A,shoty,7
A,shoy,2
A,shoyty,1
A,shs,1
A,shshes,1
A,shtaiin,1
A,shtchy,2
A,shtshy,1
A,shty,1
A,shy,66
A,shydal,1
A,shykeody,1
A,shysho,1
A,shyshol,1
A,shytchy,2
A,skaiin,1
A,skaiiodar,1
A,skeeal,1
A,skekyd,1
A,skey,1
A,sky,1
A,so,4
A,soaiin,1
A,sochey,1
A,sochorcfhy,1
A,sockhody,1
A,socthey,1
A,socthh,1
A,socthody,1
A,sodaiin,3
A,sodal,2
A,sodar,3
A,sody,5
A,soe,1
A,soeees,1
A,soeeol,1
A,soefchocphy,1
A,soeom,1
A,sofal,1
A,soiiin,3
A,soiin,12
A,soiir,1
A,soin,1
A,soity,1
A,sokaiin,1
A,sokar,1
A,sokchol,1
A,sokchor,1
A,sokchy,1
A,sokeey,1
A,sol,23
A,solchyd,1
A,solcthy,1
A,sold,1
A,soleeg,1
A,soloiin,1
A,sols,2
A,soly,1
A,som,1
A,somy,1
A,soocth,1
A,sor,21
A,soraiin,4
A,sorain,1
A,soral,1
A,soraloaly,1
A,soraly,1
A,sorary,1
A,sorcheey,1
A,sorory,1
A,sorshy,1
A,sory,2
A,sos,5
A,sosam,1
A,sosar,1
A,soshckhy,1
A,soshy,2
A,sossy,1
A,sotchaiin,1
A,sotchdy,1
A,sotchy,1
A,soteol,1
A,sotodan,1
A,sotoiiin,1
A,soty,1
A,soy,2
A,soydy,1
A,sqokeo,1
A,ss,1
A,ssheo,1
A,sshey,1
A,sshor,1
A,sy,24
A,syaiir,1
A,sydarary,1
A,sydy,2
A,sykaiin,1
A,sysheos,1
A,syty,1
A,taiin,15
A,tain,1
A,tair,1
A,tal,5
A,talar,1
A,talchos,1
A,taldar,1
A,tam,1
A,tan,1
A,taor,1
A,tar,4
A,tas,1
A,tazain,1
A,tch,1
A,tchaiin,1
A,tchain,1
A,tchalody,1
A,tchaly,1
A,tchar,1
A,tcheain,1
A,tcheay,1
A,tcheen,1
A,tcheey,4
A,tcheo,1
A,tcheodal,1
A,tcheody,3
A,tcheol,2
A,tcheor,2
A,tcheos,1
A,tchey,12
A,tcho,6
A,tchod,1
A,tchodaiin,2
A,tchodar,2
A,tchodol,1
A,tchody,6
A,tchoep,1
A,tchoky,1
A,tchokyd,1
A,tchol,10
A,tcholdchy,1
A,tcholol,2
A,tchols,1
A,tcholshol,1
A,tcholy,1
A,tchom,1
A,tchor,14
A,tchory,1
A,tchos,4
A,tchotchey,1
A,tchotchol,1
A,tchotchor,1
A,tchotshey,1
A,tchtcho,1
A,tchtod,1
A,tchty,1
A,tchy,17
A,tchykchy,1
A,tco,1
A,tdaiin,1
A,tdain,1
A,tdokchcfhy,1
A,te,1
A,teaiin,1
A,techol,1
A,teeal,1
A,teeodan,1
A,teeol,2
A,teeos,1
A,teesody,1
A,teey,3
A,teeys,1
A,teo,1
A,teodal,1
A,teodar,2
A,teody,2
A,teol,6
A,teols,1
A,teor,3
A,tey,3
A,theody,1
A,to,1
A,toaiin,1
A,toairshy,1
A,toar,1
A,tocheo,2
A,tochol,1
A,tochon,1
A,tockhy,2
A,tocphol,1
A,tod,4
A,todaiin,3
A,todain,1
A,todal,2
A,todar,1
A,todor,1
A,tody,3
A,toealchs,1
A,toeoky,1
A,toiin,2
A,tol,19
A,tolain,1
A,tolair,1
A,tolchd,1
A,tolchor,1
A,tolchory,1
A,told,1
A,toldshy,1
A,toldy,1
A,toleeshal,1
A,tolm,1
A,tolol,1
A,tolor,1
A,tolsasy,1
A,tolsheo,1
A,toly,1
A,tom,1
A,tor,12
A,torchey,1
A,torchy,2
A,toror,1
A,torshor,1
A,tos,3
A,tosh,1
A,tosheo,1
A,toshey,1
A,toshy,1
A,totchy,1
A,toy,4
A,tsh,1
A,tshaiin,1
A,tshaly,1
A,tsheeor,1
A,tsheoarom,1
A,tsheody,2
A,tsheol,1
A,tsheos,1
A,tsho,4
A,tshodeesy,1
A,tshodody,1
A,tshodpy,1
A,tshoiin,1
A,tshoky,1
A,tshol,5
A,tsholdy,1
A,tsholol,1
A,tshor,3
A,tshy,4
A,ty,8
A,tydlo,1
A,tydy,2
A,typchey,1
A,y,81
A,yaiin,1
A,yaiir,1
A,yair,1
A,ychain,2
A,ychair,1
A,ycham,1
A,ychar,1
A,ychcthod,1
A,ychdain,1
A,ychealod,1
A,ychear,1
A,ycheas,1
A,yched,1
A,ycheeo,1
A,ycheey,6
A,ychekchy,2
A,ycheo,4
A,ycheockhy,1
A,ycheoky,2
A,ycheol,4
A,ycheom,1
A,ycheor,8
A,ychey,7
A,ychky,1
A,ycho,4
A,ychock,1
A,ychockhy,1
A,ychocthy,2
A,ychodaiin,1
A,ychody,2
A,ychoees,1
A,ychok,1
A,ychol,9
A,ychom,1
A,ychopordg,1
A,ychor,14
A,ychos,1
A,ychosar,1
A,ychoy,1
A,ychtaiin,1
A,ychy,4
A,ychykchy,1
A,yckhey,1
A,yckhody,1
A,yckhy,1
A,ycphko,1
A,ycthodaiin,1
A,ycthol,1
A,yd,3
A,ydaiin,12
A,ydain,3
A,ydair,1
A,ydal,2
A,ydals,1
A,ydar,2
A,ydaraishy,1
A,ydarchom,1
A,ydas,1
A,ydcphdy,1
A,ydeeal,1
A,ydey,1
A,ydl,1
A,ydor,1
A,ydsh,1
A,ydy,3
A,yeeear,1
A,yees,1
A,yeo,1
A,yfair,1
A,yfchor,1
A,yfchy,1
A,yfodain,1
A,yfolaiin,2
A,yfor,1
A,yk,1
A,yka,1
A,ykaiiin,1
A,ykaiil,1
A,ykaiin,14
A,ykain,1
A,ykair,3
A,ykal,5
A,ykald,1
A,ykalokain,1
A,ykaly,3
A,ykam,2
A,ykar,6
A,ykarshy,1
A,ykch,1
A,ykchaiin,1
A,ykchdg,1
A,ykchdy,3
A,ykcheody,1
A,ykcheor,2
A,ykchey,2
A,ykchn,1
A,ykcho,5
A,ykchochdy,1
A,ykchody,4
A,ykchokeo,1
A,ykchol,5
A,ykcholqod,1
A,ykcholy,1
A,ykchom,1
A,ykchon,1
A,ykchor,5
A,ykchotchy,1
A,ykchy,19
A,ykeain,1
A,ykecho,1
A,ykechod,1
A,ykeea,1
A,ykeeam,1
A,ykeedy,1
A,ykeeey,1
A,ykeeod,1
A,ykeeodain,1
A,ykeeody,3
A,ykeeol,5
A,ykeeols,1
A,ykeeor,3
A,ykeeshy,1
A,ykeey,24
A,ykeo,1
A,ykeockhey,1
A,ykeoda,1
A,ykeodain,1
A,ykeodar,1
A,ykeody,6
A,ykeol,10
A,ykeoldy,1
A,ykeor,7
A,ykey,3
A,ykhor,1
A,ykoaiin,1
A,ykocfhy,1
A,ykodair,1
A,ykodar,1
A,ykody,2
A,ykoear,1
A,ykoiin,3
A,ykol,10
A,ykoldam,1
A,ykolody,1
A,ykoly,1
A,ykor,5
A,ykory,1
A,yksh,1
A,yksheey,1
A,yksho,1
A,ykshol,1
A,ykshy,2
A,yky,11
A,ykychy,1
A,ykyd,1
A,ykyka,1
A,ykykaiin,1
A,yl,1
A,ylam,1
A,ylg,1
A,yoar,1
A,yodaiin,1
A,yoees,1
A,yoiin,1
A,yokalod,1
A,yokeeol,1
A,yokeey,1
A,yokeody,1
A,yokor,1
A,yol,1
A,yolkol,1
A,yor,2
A,yorain,1
A,yotaiin,1
A,ypaim,1
A,ypal,1
A,ypar,1
A,ypch,1
A,ypchaiin,1
A,ypchal,1
A,ypchar,1
A,ypchedy,1
A,ypcheey,1
A,ypchey,2
A,ypchocf,1
A,ypchocpheosaiin,1
A,ypchol,3
A,ypcholdy,1
A,ypcholy,1
A,ypchor,1
A,ypchy,3
A,ypod,1
A,ypory,1
A,ypsholy,1
A,yqokaly,1
A,yroleeey,1
A,ys,1
A,ysaiin,3
A,ysarasod,1
A,yshain,1
A,yshealkair,1
A,ysheees,1
A,ysheeo,1
A,ysheey,1
A,ysheockhy,1
A,ysheod,1
A,ysheol,1
A,ysheor,1
A,yshey,1
A,ysho,3
A,yshol,2
A,ysholshy,1
A,yshor,1
A,yshy,1
A,yta,1
A,ytaiin,13
A,ytain,2
A,ytaipom,1
A,ytair,1
A,ytal,8
A,ytalar,1
A,ytalody,1
A,ytaly,1
A,ytam,4
A,ytar,5
A,ytarem,1
A,ytashy,1
A,ytch,1
A,ytchaiin,1
A,ytchaly,1
A,ytchar,1
A,ytchas,1
A,ytchchy,1
A,ytchdam,1
A,ytchdy,1
A,ytcheear,1
A,ytcheey,1
A,ytcheo,1
A,ytchey,5
A,ytchl,1
A,ytcho,2
A,ytchodaiin,1
A,ytchody,4
A,ytchoky,1
A,ytchol,5
A,ytchom,1
A,ytchor,12
A,ytchos,1
A,ytchoy,2
A,ytchy,13
A,ytchyd,1
A,ytdg,1
A,yteair,1
A,yteal,1
A,yteam,1
A,ytear,1
A,yteeay,1
A,yteeodal,1
A,yteeody,2
A,yteeoldy,1
A,yteeor,1
A,yteeos,1
A,yteey,3
A,yteochy,1
A,yteodaiin,1
A,yteodain,1
A,yteodam,1
A,yteody,2
A,yteol,4
A,yteold,1
A,yteoldy,1
A,yteor,3
A,yteos,1
A,ytey,5
A,yto,2
A,ytod,1
A,ytoda,1
A,ytodaiin,2
A,ytodaly,1
A,ytody,3
A,ytoiiin,1
A,ytoiin,3
A,ytol,11
A,ytolaiir,1
A,ytoldy,5
A,ytolkal,1
A,ytom,1
A,ytor,10
A,ytorory,1
A,ytoryd,1
A,ytoy,1
A,ytsho,2
A,ytshy,2
A,yty,11
A,ytychy,1
A,ytydy,1
A,zepchy,1
B,acheody,1
B,acthedy,1
B,adam,2
B,adar,1
B,adchey,1
B,adeeody,1
B,ador,1
B,ady,1
B,aeeodeey,1
B,ag,1
B,aicky,1
B,aifhhy,1
B,aifhy,1
B,aiichy,1
B,aiicthy,1
B,aiidy,2
B,aiiikhedy,1
B,aiiiky,1
B,aiiin,37
B,aiiinro,1
B,aiikam,1
B,aiil,1
B,aiildy,1
B,aiily,1
B,aiim,2
B,aiin,352
B,aiinal,1
B,aiinog,1
B,aiiny,2
B,aiip,1
B,aiir,16
B,aiiral,1
B,aiiraly,1
B,aiirchar,1
B,aiirody,1
B,aiirol,1
B,aiiry,1
B,aiis,2
B,aiisaim,1
B,aiisockhy,1
B,aiisod,1
B,aikhdy,1
B,aikhy,2
B,ail,5
B,aildy,2
B,aim,4
B,ain,80
B,aindar,1
B,aiodam,1
B,aiphhey,1
B,aiphy,1
B,air,48
B,airal,2
B,airod,2
B,airody,3
B,airol,1
B,airols,1
B,airorlchy,1
B,airoy,1
B,airy,1
B,aisam,1
B,aithchr,1
B,aithy,4
B,aiy,1
B,akaiiky,1
B,akaiin,1
B,akain,1
B,akair,1
B,akal,1
B,akar,2
B,akarar,1
B,akchedy,1
B,akchy,1
B,akey,1
B,aky,1
B,al,186
B,alaiiin,1
B,alaiin,3
B,alain,3
B,alair,1
B,alal,1
B,alaldy,1
B,alalor,1
B,alam,5
B,alar,2
B,alchd,1
B,alchdy,2
B,alched,1
B,alchedar,1
B,alchedy,4
B,alcheey,1
B,alches,1
B,alchey,2
B,alchky,1
B,alchl,1
B,alchor,2
B,ald,2
B,aldalosam,1
B,aldar,2
B,aldy,6
B,aldydy,1
B,aleey,1
B,alfo,1
B,alfshed,1
B,alkaiin,5
B,alkain,7
B,alkair,1
B,alkal,1
B,alkam,5
B,alkan,1
B,alkar,3
B,alkchdy,1
B,alkedy,2
B,alkeear,1
B,alkeedy,4
B,alkeeol,1
B,alkeey,1
B,alkey,2
B,alkol,1
B,alky,3
B,allkeam,1
B,ally,1
B,alo,2
B,aloal,1
B,alod,2
B,alodam,1
B,alodar,1
B,alody,4
B,aloees,1
B,alog,1
B,aloiiin,1
B,aloiin,1
B,alol,8
B,alold,1
B,aloldy,1
B,alolfchy,1
B,alolor,1
B,alolshedy,1
B,alom,5
B,alor,4
B,alory,1
B,alosheey,1
B,alpchdar,1
B,alpchdy,1
B,als,3
B,alshdr,1
B,alshedy,1
B,alshees,1
B,alshey,2
B,alshy,1
B,aly,17
B,alys,1
B,am,55
B,amam,1
B,aman,1
B,amchd,1
B,amchy,1
B,amd,1
B,amg,1
B,amod,1
B,amom,1
B,an,4
B,aol,1
B,aporair,1
B,apy,1
B,ar,250
B,araiin,10
B,arain,2
B,arair,1
B,arakaiin,1
B,aral,11
B,aralary,1
B,arald,1
B,aralos,1
B,arals,1
B,aram,8
B,arar,6
B,araral,1
B,araram,1
B,arcsy,1
B,aree,1
B,ariin,1
B,arl,2
B,aro,1
B,arod,2
B,arodl,2
B,arodly,1
B,arody,11
B,aroiin,1
B,arol,10
B,arolkeey,1
B,arolky,1
B,aror,6
B,arorochees,1
B,arorsheey,1
B,aroshy,1
B,aroteey,1
B,arotey,1
B,arsheg,1
B,arshey,1
B,arxor,1
B,ary,16
B,aryly,1
B,as,4
B,aty,3
B,axor,1
B,ay,1
B,c,2
B,cfhdorol,1
B,cfhdy,1
B,cfheey,1
B,cfhekchdy,1
B,cfheo,1
B,cfhol,1
B,cfhyaiin,1
B,ch,2
B,chady,1
B,chaiiin,1
B,chaiin,10
B,chaim,1
B,chain,8
B,chakain,1
B,chal,28
B,chalal,1
B,chalg,1
B,chalkain,1
B,chalkar,2
B,chalkeedy,1
B,chalkeeedy,1
B,chalkeey,1
B,chaloly,1
B,chalor,1
B,chalr,1
B,chals,1
B,chaly,1
B,cham,6
B,chan,2
B,chap,1
B,char,36
B,charaiin,1
B,charain,3
B,charam,3
B,charor,1
B,chary,2
B,chas,1
B,chataiin,1
B,chcfhdy,1
B,chcfheor,1
B,chcfhey,1
B,chcfhhy,1
B,chcfhol,1
B,chcfhor,1
B,chcfhy,2
B,chchdy,1
B,chcheey,1
B,chcheky,1
B,chchky,1
B,chchty,1
B,chchy,1
B,chck,1
B,chckh,1
B,chckhaiin,3
B,chckhal,5
B,chckham,1
B,chckhd,4
B,chckhdy,13
B,chckheal,1
B,chckhedy,11
B,chckheed,1
B,chckheody,1
B,chckhey,26
B,chckhhhy,1
B,chckhhy,5
B,chckhoda,1
B,chckhody,1
B,chckhol,1
B,chckhom,1
B,chckhor,1
B,chckhy,120
B,chckhyd,1
B,chckhyfchy,1
B,chcpaiin,1
B,chcpham,1
B,chcphar,1
B,chcphdar,1
B,chcphdy,2
B,chcphedy,3
B,chcphey,3
B,chcphhdy,1
B,chcphhy,2
B,chcphy,6
B,chct,2
B,chcta,1
B,chctey,1
B,chcthain,1
B,chcthal,1
B,chctham,2
B,chcthar,1
B,chcthd,1
B,chcthdy,7
B,chcthed,1
B,chcthedy,7
B,chcthey,5
B,chcthhy,5
B,chcthihy,1
B,chctho,1
B,chcthody,1
B,chcthy,56
B,chd,7
B,chdaiin,16
B,chdain,8
B,chdair,2
B,chdairod,1
B,chdal,19
B,chdalal,1
B,chdalchdy,1
B,chdaldy,1
B,chdalkair,1
B,chdalor,1
B,chdaly,3
B,chdam,10
B,chdar,18
B,chdarol,1
B,chdchdy,1
B,chdchy,1
B,chddy,1
B,chdedy,2
B,chdeey,1
B,chdo,1
B,chdodaiin,1
B,chdody,1
B,chdol,2
B,chdolaiin,1
B,chdor,8
B,chdos,1
B,chdy,134
B,chdykchedy,1
B,chdypdaiin,1
B,chdyshdy,1
B,che,1
B,cheady,1
B,cheaiin,1
B,cheaikhy,1
B,cheal,22
B,chealol,1
B,chealor,1
B,chealror,1
B,chealy,3
B,cheam,3
B,cheamar,1
B,chear,26
B,chearaiin,1
B,cheary,1
B,checfhy,1
B,chechdaiin,1
B,chechey,2
B,chechol,1
B,chechy,1
B,checkhd,1
B,checkhdy,2
B,checkhed,2
B,checkhedy,1
B,checkhey,7
B,checkho,1
B,checkhol,2
B,checkhy,45
B,checphedy,1
B,checphey,2
B,checthal,1
B,chectham,1
B,checthdy,1
B,checthedy,2
B,checthey,4
B,checthy,27
B,ched,21
B,cheda,1
B,chedacphy,1
B,chedaiiin,2
B,chedaiin,27
B,chedain,17
B,chedair,1
B,chedal,21
B,chedalkedy,1
B,chedalos,1
B,chedaly,1
B,chedam,6
B,chedan,1
B,chedar,28
B,chedchey,1
B,chedchy,1
B,chedees,1
B,chedeey,1
B,chedey,1
B,chedkain,1
B,chedkaly,1
B,chedkel,1
B,chedky,1
B,chedl,1
B,chedo,1
B,chedol,6
B,chedor,2
B,chedos,1
B,cheds,1
B,chedy,491
B,chedydy,1
B,chedykar,1
B,chedyl,1
B,chedyor,1
B,chedyr,1
B,chedyteokain,1
B,chedytey,1
B,chedyty,1
B,chee,1
B,cheeaiin,2
B,cheeal,1
B,cheear,1
B,cheed,2
B,cheedaiin,4
B,cheedain,2
B,cheedalaiin,1
B,cheedar,5
B,cheedls,1
B,cheedy,54
B,cheeedaiin,1
B,cheeeo,1
B,cheees,1
B,cheeety,1
B,cheeey,6
B,cheef,2
B,cheefar,1
B,cheefy,1
B,cheeg,1
B,cheeir,1
B,cheekaiin,1
B,cheekain,3
B,cheekan,1
B,cheekeey,1
B,cheekeody,1
B,cheekey,2
B,cheeky,18
B,cheel,1
B,cheen,1
B,cheeo,16
B,cheeod,1
B,cheeodam,1
B,cheeody,8
B,cheeol,6
B,cheeoldy,1
B,cheeool,1
B,cheeor,5
B,cheeorfor,1
B,cheeos,6
B,cheeoy,1
B,cheepaiin,1
B,cheepchdy,1
B,cheer,2
B,chees,19
B,cheesy,1
B,cheeta,1
B,cheetam,1
B,cheetar,1
B,cheeteey,3
B,cheety,3
B,cheey,128
B,chef,1
B,chefaiin,1
B,chefain,1
B,chefal,1
B,chefalas,1
B,chefar,1
B,chefchdy,1
B,chefchey,1
B,chefchol,1
B,chefchy,3
B,cheg,1
B,chek,3
B,chekaiiin,1
B,chekaiin,5
B,chekaim,1
B,chekain,7
B,chekal,9
B,chekaly,1
B,chekam,1
B,chekar,7
B,chekchdy,1
B,chekcheey,1
B,chekchy,2
B,chekear,1
B,cheked,2
B,chekedy,4
B,chekeeal,1
B,chekeedy,4
B,chekeek,1
B,chekeey,2
B,chekeody,1
B,chekeor,1
B,chekes,1
B,chekey,5
B,chekl,1
B,chekody,1
B,chekol,1
B,chekor,1
B,cheky,45
B,chelal,1
B,cheo,33
B,cheoaiin,2
B,cheoain,1
B,cheoal,1
B,cheoar,5
B,cheock,1
B,cheockhdy,1
B,cheockhy,5
B,cheocphy,1
B,cheocthedy,1
B,cheoctheey,1
B,cheocthey,1
B,cheocthy,3
B,cheod,3
B,cheodaiiin,1
B,cheodaiin,5
B,cheodain,5
B,cheodal,3
B,cheodalol,1
B,cheodar,2
B,cheodchy,1
B,cheodeeey,1
B,cheodeey,1
B,cheodkedy,1
B,cheodl,1
B,cheodoiidaiin,1
B,cheody,51
B,cheoet,1
B,cheok,1
B,cheokaiim,1
B,cheokaiin,2
B,cheokain,4
B,cheokaly,1
B,cheokam,1
B,cheokar,1
B,cheokcheo,1
B,cheokchy,1
B,cheokeain,1
B,cheokedy,2
B,cheokeeo,1
B,cheokeeos,1
B,cheokeey,3
B,cheokeol,1
B,cheokey,2
B,cheoky,5
B,cheol,91
B,cheolchal,1
B,cheolchcthy,1
B,cheolchdaiin,1
B,cheolchdy,1
B,cheolchey,1
B,cheoldy,1
B,cheolkain,1
B,cheolkary,1
B,cheolkedy,1
B,cheolkeedy,2
B,cheolkeepchy,1
B,cheolkeey,1
B,cheolor,1
B,cheolshy,1
B,cheoltain,1
B,cheoltar,1
B,cheoltchedaiin,1
B,cheoly,3
B,cheom,4
B,cheooky,1
B,cheoor,1
B,cheop,1
B,cheopaiin,1
B,cheopcheod,1
B,cheopolteeedy,1
B,cheopy,1
B,cheor,32
B,cheoram,1
B,cheory,1
B,cheos,16
B,cheosaiin,1
B,cheoseesey,1
B,cheotaiin,1
B,cheotain,1
B,cheotchey,1
B,cheotdaiin,1
B,cheotey,1
B,cheoty,4
B,cheotydy,1
B,cheoy,1
B,chep,3
B,chepaiin,1
B,chepakeo,1
B,chepar,4
B,chepcham,1
B,chepchar,1
B,chepchdy,1
B,chepched,1
B,chepchedy,2
B,chepchefy,1
B,chepchx,1
B,chepchy,1
B,chepol,1
B,chepy,5
B,cher,2
B,chery,1
B,ches,27
B,chesckhy,1
B,cheshy,1
B,chesy,2
B,chet,1
B,chetaiin,2
B,chetain,5
B,chetalshy,1
B,chetam,1
B,chetar,4
B,chetas,1
B,chetchdy,1
B,chetchey,1
B,chetdy,1
B,chetedar,1
B,chetedy,3
B,chetey,3
B,chety,15
B,chey,250
B,cheykaiin,1
B,cheykain,1
B,cheykechey,1
B,cheykedy,1
B,cheykeeed,1
B,cheykeeoy,1
B,cheyky,2
B,cheyl,1
B,cheyor,1
B,cheytal,1
B,chfaiin,1
B,chfchol,1
B,chk,1
B,chkaidararal,1
B,chkaiin,9
B,chkain,11
B,chkal,11
B,chkaly,1
B,chkam,2
B,chkar,6
B,chkarol,1
B,chkas,1
B,chkchedaram,1
B,chkchod,1
B,chkchody,1
B,chkchol,1
B,chkedy,5
B,chkeedy,2
B,chkeeey,1
B,chkeey,6
B,chkey,2
B,chkol,1
B,chkshy,1
B,chky,14
B,chl,20
B,chlaiiin,1
B,chlal,1
B,chlam,1
B,chlar,2
B,chlchd,1
B,chlchpsheey,1
B,chldaiin,1
B,chll,2
B,chllo,1
B,chlor,1
B,chlr,1
B,chls,2
B,cho,12
B,choaiin,5
B,choal,1
B,choar,1
B,chocfhdy,1
B,chochs,1
B,chockhar,1
B,chockhdy,1
B,chockhed,1
B,chockhedy,1
B,chockhey,1
B,chockhy,7
B,chocpheod,1
B,chocphol,1
B,chocthedy,1
B,chocthey,1
B,chocthy,6
B,chod,2
B,chodaiin,15
B,chodain,5
B,chodal,4
B,chodalr,1
B,chodar,6
B,choddy,1
B,chodr,1
B,chody,47
B,choefy,1
B,choekchy,1
B,choetchy,1
B,chofchdy,1
B,chofochcphdy,1
B,choiphy,1
B,chokaiin,8
B,chokain,7
B,chokair,1
B,chokal,2
B,chokam,1
B,chokar,5
B,chokchaiin,1
B,chokchedy,2
B,chokchey,1
B,chokchy,2
B,chokcod,1
B,chokeal,1
B,choked,1
B,chokedair,1
B,chokedy,3
B,chokeedy,2
B,chokeeey,1
B,chokeey,5
B,chokeol,2
B,chokody,1
B,chokor,3
B,choky,7
B,chol,99
B,cholaiim,1
B,cholairy,1
B,cholal,2
B,cholcham,1
B,cholchedy,2
B,cholchey,2
B,choldy,1
B,cholfchy,1
B,cholfor,1
B,cholkaiin,4
B,cholkain,2
B,cholkal,2
B,cholkar,2
B,cholkched,1
B,cholkchy,1
B,cholkeedy,2
B,cholkeeedy,1
B,cholkeeey,2
B,cholkeod,1
B,cholkshedy,1
B,cholky,4
B,cholo,1
B,cholody,1
B,cholor,3
B,choloro,1
B,cholpchd,1
B,chols,1
B,choltal,1
B,choltar,1
B,cholty,1
B,cholxy,1
B,choly,1
B,choody,1
B,chool,1
B,choolkeey,1
B,chopar,1
B,chopchdy,1
B,chopchedy,1
B,chopchey,1
B,chopchy,2
B,chopo,1
B,chor,32
B,choraiin,1
B,chorar,1
B,chorchor,1
B,chorol,2
B,chorolk,1
B,chos,12
B,chosaiin,2
B,chot,1
B,chotaiin,3
B,chotain,3
B,chotair,1
B,chotal,4
B,chotam,2
B,chotar,6
B,chotchdy,2
B,chotchedy,1
B,chotchs,1
B,chotedy,1
B,choteey,1
B,chotehy,1
B,chotey,1
B,choto,1
B,chotshe,1
B,choty,12
B,chotyr,1
B,choy,2
B,choypshedy,1
B,chpadar,1
B,chpaiikey,1
B,chpaiin,1
B,chpal,1
B,chpchar,1
B,chpchedy,1
B,chpcheod,1
B,chpcheor,1
B,chpchs,1
B,chpchshdy,1
B,chpchy,3
B,chpeeeey,1
B,chpkcheos,1
B,chpor,1
B,chpsheedy,1
B,chpy,1
B,chr,5
B,chry,1
B,chs,7
B,chsaly,1
B,chsamoky,1
B,chsd,1
B,chsdy,2
B,chsey,1
B,chshd,1
B,chsho,1
B,chshy,1
B,chsky,2
B,chsy,1
B,chtaiin,2
B,chtaiir,1
B,chtain,2
B,chtair,1
B,chtal,6
B,chtar,2
B,chtchol,1
B,chtchy,1
B,chtedy,2
B,chtedytar,1
B,chteey,1
B,chteody,1
B,chtey,1
B,chtl,2
B,chtol,3
B,chtorol,1
B,chty,6
B,chxar,1
B,chy,36
B,chykaiin,1
B,chykeedy,1
B,chykeor,1
B,chym,1
B,chypchey,1
B,chyteey,1
B,chyteody,1
B,chyty,1
B,ckhain,1
B,ckhal,1
B,ckhar,1
B,ckhcfhhy,1
B,ckhchdy,1
B,ckhddl,1
B,ckhdy,4
B,ckhedy,4
B,ckheey,2
B,ckheol,1
B,ckheos,1
B,ckhey,3
B,ckhol,1
B,ckhor,1
B,ckhy,10
B,ckhydy,1
B,ckol,1
B,cpchy,1
B,cphaiin,1
B,cphal,1
B,cphan,1
B,cphar,1
B,cphdor,1
B,cphedom,1
B,cphedy,8
B,cpheesy,1
B,cpheo,1
B,cpheody,1
B,cpheor,1
B,cphey,2
B,cphheg,1
B,cphhofy,1
B,cphhy,1
B,cphoal,1
B,cphochy,1
B,cphody,1
B,cphoithy,1
B,cphol,2
B,cpholkaiin,1
B,cpholrory,1
B,cphor,1
B,cphy,3
B,cs,3
B,cseam,1
B,cseckhdy,1
B,csedar,1
B,csedly,1
B,csedy,5
B,cseedy,1
B,cseeky,2
B,cseeod,1
B,cseey,2
B,cseol,1
B,ctechy,1
B,cthal,1
B,cthan,1
B,cthar,4
B,ctharad,1
B,cthcthey,1
B,cthdaly,1
B,cthdy,8
B,cthedy,9
B,ctheety,1
B,ctheey,2
B,ctheor,1
B,cther,1
B,cthes,1
B,cthey,9
B,cthhy,2
B,cthoepain,1
B,cthol,4
B,ctholcthy,1
B,cthor,3
B,cthy,6
B,d,7
B,da,4
B,daar,1
B,dackhy,1
B,dadam,1
B,dady,2
B,dag,1
B,daichy,1
B,daiidy,3
B,daiiidy,1
B,daiiils,1
B,daiiin,7
B,daiiiny,1
B,daiiiolkaiin,1
B,daiil,1
B,daiim,1
B,daiin,315
B,daiindy,2
B,daiinls,1
B,daiir,7
B,daiiral,2
B,daiis,3
B,daikhyky,1
B,dail,1
B,daildain,1
B,daim,4
B,dain,114
B,daindl,1
B,dainy,1
B,dair,49
B,dairair,1
B,dairal,3
B,dairam,1
B,dairar,2
B,dairchey,1
B,dairiy,1
B,dairody,3
B,dairol,1
B,dairom,1
B,dairy,2
B,dairydy,1
B,daisam,1
B,daisoldy,1
B,dakar,1
B,dal,133
B,dalaiin,2
B,dalain,1
B,dalal,3
B,dalam,3
B,dalar,1
B,dalary,1
B,dalchckhy,1
B,dalchd,1
B,dalchdy,3
B,dalched,1
B,dalchedy,4
B,dalcheeeky,1
B,dalchy,1
B,daldar,1
B,daldeam,1
B,daldy,9
B,dalfchy,1
B,dalkain,1
B,dalkal,1
B,dalkalytam,1
B,dalkar,3
B,dalkedy,2
B,dalkeeey,1
B,dalkshdy,1
B,dalky,1
B,dalmy,1
B,dalo,2
B,dalocthhy,1
B,dalohey,1
B,daloky,1
B,dalol,5
B,dalom,2
B,dalor,4
B,dalorain,1
B,dalr,1
B,dals,1
B,dalshal,1
B,dalshdy,2
B,dalshedo,1
B,dalshedy,1
B,dalshy,1
B,daltedy,1
B,dalteoshy,1
B,daly,18
B,dam,42
B,damom,1
B,dan,2
B,daoly,1
B,dar,188
B,dara,1
B,daraiin,1
B,darailchedy,1
B,darair,1
B,daral,1
B,daraloikhy,1
B,daram,3
B,darar,1
B,darchdar,1
B,darchedy,2
B,darcheedal,1
B,darchey,1
B,darchy,1
B,dardam,1
B,dardy,1
B,dardyr,1
B,dariin,1
B,dario,1
B,daro,1
B,daroal,1
B,darod,1
B,darol,2
B,darolsy,1
B,darom,2
B,daror,2
B,darordaiin,1
B,darory,1
B,darshey,1
B,dary,14
B,daryry,1
B,das,3
B,dasam,1
B,dasar,1
B,dasd,1
B,dasy,1
B,day,1
B,dchckhedy,1
B,dchdal,1
B,dchdaldy,1
B,dchdar,2
B,dchdas,1
B,dchdor,1
B,dchdy,7
B,dcheckhey,1
B,dched,3
B,dchedaiin,1
B,dchedain,1
B,dchedaly,1
B,dchedar,1
B,dchedy,26
B,dchee,1
B,dcheedy,3
B,dcheeky,1
B,dcheeody,1
B,dcheeokeody,1
B,dcheeos,1
B,dcheeoy,1
B,dchees,1
B,dcheey,6
B,dchefoey,1
B,dchekcsdy,1
B,dcheo,3
B,dcheoain,1
B,dcheod,1
B,dcheodl,1
B,dcheody,1
B,dcheol,7
B,dcheor,1
B,dcheos,1
B,dcheoty,1
B,dchey,6
B,dcheytain,1
B,dchodees,1
B,dchody,1
B,dchokol,1
B,dchol,4
B,dchor,1
B,dchos,2
B,dchy,2
B,dchykey,1
B,dckhy,1
B,dcsedy,1
B,decthdy,1
B,dedy,2
B,deeal,1
B,deedar,1
B,deedes,1
B,deedy,2
B,deeedy,2
B,deeo,1
B,deeol,1
B,deey,3
B,dery,1
B,deshedy,1
B,diir,1
B,dkain,2
B,dkair,1
B,dkam,1
B,dkar,1
B,dkarar,1
B,dkchs,1
B,dkedam,1
B,dkedy,2
B,dkeey,1
B,dkshey,2
B,dl,15
B,dlar,1
B,dlchd,2
B,dlchy,1
B,dld,1
B,dlkal,1
B,dlls,1
B,dlr,1
B,dlshedy,1
B,dly,1
B,dm,2
B,do,2
B,doaiin,1
B,doctho,1
B,dodar,1
B,dodl,1
B,dody,4
B,dodyd,1
B,doee,1
B,doeedey,1
B,doi,1
B,doiiin,1
B,doiin,4
B,doiis,1
B,doin,2
B,doiros,1
B,dokal,1
B,dokedy,1
B,dol,51
B,dolar,1
B,dolchedy,2
B,dolcheedy,1
B,dolchl,1
B,dold,1
B,doldy,1
B,doledy,1
B,dolfchedy,1
B,dolkain,1
B,dolkchy,1
B,dolkedy,1
B,dolkeedy,1
B,dolol,1
B,dolor,2
B,dolr,1
B,dolshed,1
B,dolshedy,2
B,doltshdy,1
B,dor,22
B,doraiin,1
B,dorchdy,1
B,dorkcheky,1
B,dorshefy,1
B,dos,1
B,dotedy,1
B,doteey,1
B,dpchedy,1
B,dr,1
B,drol,1
B,dsechey,1
B,dshdy,2
B,dsheckhy,1
B,dshedal,1
B,dshedy,35
B,dsheedal,1
B,dsheedy,4
B,dsheeo,1
B,dsheeoteey,1
B,dshees,2
B,dsheey,6
B,dsheo,2
B,dsheodar,1
B,dsheody,1
B,dsheol,7
B,dsheoy,1
B,dshes,1
B,dshey,10
B,dshol,3
B,dsholyd,1
B,dshor,3
B,dtal,1
B,dtedair,1
B,dxar,1
B,dy,110
B,dyaiin,1
B,dyair,1
B,dychedy,2
B,dychy,1
B,dydaim,1
B,dydy,1
B,dydydy,1
B,dyfchdy,1
B,dykaiin,1
B,dykain,1
B,dykaly,1
B,dykedy,2
B,dykeedain,1
B,dykeedy,2
B,dykey,1
B,dykshy,1
B,dyky,3
B,dylches,1
B,dym,1
B,dys,1
B,dytain,1
B,dytary,1
B,dytchdy,1
B,dytedy,2
B,dyteey,2
B,dytey,1
B,dytshedy,1
B,dytshy,1
B,dyty,1
B,dytydy,1
B,ear,2
B,echedy,1
B,eedol,1
B,eedy,5
B,eeecfhy,1
B,eeedeed,1
B,eeedy,6
B,eeeodaiin,1
B,eeeody,1
B,eeeos,1
B,eees,6
B,eeesaiin,1
B,eeesal,1
B,eekain,1
B,eeo,1
B,eeodaiin,1
B,eeol,2
B,eeor,1
B,ees,1
B,eesey,1
B,eesy,1
B,eey,1
B,efaloir,1
B,efchedy,1
B,ekaiin,1
B,ekar,1
B,ekedy,1
B,ekeey,1
B,eol,1
B,eotar,1
B,epaiin,1
B,epchey,1
B,eses,1
B,etar,1
B,etedy,1
B,eteeda,1
B,eteedy,1
B,ety,3
B,f,5
B,faiiral,1
B,faimy,1
B,famom,1
B,far,2
B,fardam,1
B,farsheey,1
B,fary,1
B,fcham,1
B,fchcfhy,1
B,fchdar,1
B,fchdy,4
B,fchedey,1
B,fchedol,1
B,fchedy,11
B,fchedypaiin,1
B,fchedys,1
B,fchee,1
B,fcheeody,1
B,fcheeol,1
B,fcheey,4
B,fcheodal,1
B,fcheokair,1
B,fcheol,1
B,fcheshd,1
B,fchey,1
B,fchocthar,1
B,fchoctheody,1
B,fchodaiin,1
B,fchoky,1
B,fchor,3
B,fchosaiin,1
B,fchs,1
B,fchsom,1
B,fdeechdy,1
B,fdykain,1
B,feedly,1
B,feeedy,1
B,fodal,1
B,fol,1
B,folaiin,1
B,folchear,1
B,folchey,1
B,folchor,1
B,folor,1
B,folorarom,1
B,fsey,1
B,fshdar,1
B,fsheda,1
B,fshedy,2
B,fyshey,1
B,g,3
B,gal,1
B,geedy,1
B,gm,1
B,h,1
B,haiin,1
B,hor,1
B,hox,1
B,hx,1
B,hy,2
B,ihar,1
B,iiin,1
B,iir,2
B,iirchal,1
B,ikhey,1
B,in,1
B,iphy,1
B,ithey,1
B,ithhy,1
B,ithy,1
B,k,2
B,kaedy,1
B,kaiech,1
B,kaiiin,2
B,kaiin,47
B,kaiis,1
B,kaiishdy,1
B,kail,1
B,kain,46
B,kair,11
B,kairam,2
B,kairy,1
B,kais,2
B,kaisar,1
B,kaishd,1
B,kaithy,1
B,kal,20
B,kalchdy,1
B,kalchedy,1
B,kaldaiin,1
B,kaldaim,1
B,kaldy,3
B,kalkal,2
B,kalos,1
B,kaly,1
B,kam,6
B,kamdam,1
B,kan,2
B,kaolkar,1
B,kar,46
B,kara,1
B,karaim,1
B,karainy,1
B,karal,1
B,karar,2
B,kararo,1
B,karchy,1
B,kard,1
B,kardy,1
B,karody,1
B,kary,4
B,kas,4
B,kasol,1
B,kchdaiin,1
B,kchdal,1
B,kchdaldy,1
B,kchdar,1
B,kchdpy,1
B,kchdy,19
B,kche,1
B,kchedaiin,1
B,kchedar,1
B,kchedy,22
B,kcheedchdy,1
B,kcheedy,1
B,kcheeky,1
B,kcheeor,2
B,kcheeos,1
B,kcheey,2
B,kchekain,1
B,kcheo,4
B,kcheodaiin,1
B,kcheodar,1
B,kcheody,5
B,kcheor,2
B,kchetam,1
B,kchey,8
B,kchody,3
B,kchol,3
B,kcholchdar,1
B,kchor,1
B,kchoy,1
B,kchs,1
B,kchy,4
B,keam,1
B,kechdy,4
B,kechedy,3
B,kecheokeo,1
B,kechey,1
B,kechodshey,1
B,kechody,1
B,kechy,2
B,ked,1
B,kedaiiin,1
B,kedair,1
B,kedal,1
B,kedaleey,1
B,kedar,3
B,kedarxy,1
B,kedy,44
B,kedydy,1
B,keear,3
B,keechdy,1
B,keechey,1
B,keechy,2
B,keed,2
B,keedain,2
B,keedal,3
B,keedas,1
B,keedeedy,1
B,keedey,1
B,keedor,1
B,keedy,53
B,keeed,1
B,keeedal,1
B,keeedy,3
B,keeeo,1
B,keeeody,1
B,keeeol,1
B,keeey,7
B,keel,1
B,keeo,3
B,keeoal,1
B,keeod,1
B,keeodal,1
B,keeodar,1
B,keeody,4
B,keeol,6
B,keeolshey,1
B,keeoly,1
B,keeor,4
B,keeos,2
B,keerodal,1
B,keesho,1
B,keeshody,1
B,keeshy,1
B,keey,21
B,keeyfar,1
B,keo,1
B,keocthedy,1
B,keodaiin,1
B,keodar,2
B,keodky,1
B,keody,15
B,keol,8
B,keolor,1
B,keoly,1
B,keor,2
B,keoy,1
B,kesd,1
B,keshdy,1
B,keshed,1
B,keshor,1
B,kesoar,1
B,key,7
B,khy,1
B,kiin,1
B,kl,2
B,ko,2
B,kodain,1
B,kodal,1
B,kodary,1
B,kodeey,1
B,kody,3
B,kol,9
B,kolchdy,1
B,kolchedy,1
B,kolchey,1
B,koldy,3
B,kolfchdy,1
B,kolkar,1
B,kolkedy,1
B,kolky,1
B,kolpy,1
B,kolshd,1
B,kolshes,1
B,koly,1
B,komdy,1
B,kor,8
B,korchy,2
B,koroiin,1
B,korol,1
B,korols,1
B,koshey,1
B,kotaly,1
B,kotchy,1
B,kotody,1
B,ksam,1
B,kschdy,1
B,kshar,2
B,kshd,2
B,kshdain,1
B,kshdor,1
B,kshdy,5
B,kshed,2
B,kshedy,6
B,ksheeol,2
B,ksheey,2
B,ksheo,1
B,ksheoary,1
B,ksheody,2
B,ksheol,1
B,kshey,3
B,kshol,1
B,kshoraiin,1
B,kshy,1
B,ky,11
B,kydeedy,1
B,l,35
B,laiiin,2
B,laiin,13
B,lain,5
B,lair,1
B,lal,6
B,lam,5
B,lar,6
B,larorol,1
B,las,1
B,lch,1
B,lchain,1
B,lchal,5
B,lcham,1
B,lchar,2
B,lcharar,1
B,lchckhy,1
B,lchcphedy,1
B,lchcthy,1
B,lchdain,2
B,lchdal,2
B,lchdol,1
B,lchdy,17
B,lchea,1
B,lcheal,2
B,lchealaiin,1
B,lchealaim,1
B,lcheam,3
B,lchear,1
B,lchechdy,1
B,lcheckhedy,1
B,lcheckhey,1
B,lcheckhy,3
B,lched,6
B,lchedal,1
B,lchedam,2
B,lchedar,2
B,lchedo,1
B,lchedr,1
B,lchedy,118
B,lcheed,1
B,lcheedy,9
B,lcheeey,1
B,lcheel,1
B,lcheeol,1
B,lcheeor,1
B,lchees,2
B,lcheey,13
B,lcheg,1
B,lcheo,3
B,lcheod,2
B,lcheody,2
B,lcheoekam,1
B,lcheol,8
B,lcheolshedy,1
B,lcheor,2
B,lcheos,1
B,lchey,44
B,lcheylchy,1
B,lchg,2
B,lchl,2
B,lcho,3
B,lchoar,1
B,lchod,1
B,lchody,2
B,lchol,2
B,lcholkaiin,1
B,lchor,5
B,lchpchdy,1
B,lchr,1
B,lchs,2
B,lchsl,1
B,lchy,8
B,ld,4
B,ldaiiin,1
B,ldaiin,3
B,ldain,1
B,ldalor,1
B,ldaly,1
B,ldar,5
B,ldchey,1
B,ldo,1
B,ldol,2
B,ldy,22
B,ldyr,1
B,le,1
B,ledy,1
B,leedaiin,1
B,leeesain,1
B,leeey,1
B,leeo,1
B,lfar,1
B,lfchal,1
B,lfchdy,1
B,lfchedy,2
B,lfcheedy,1
B,lfcheol,1
B,lfchy,2
B,lfol,1
B,lg,1
B,lgl,1
B,liiram,1
B,lk,1
B,lkaiiin,1
B,lkaiin,49
B,lkaiir,2
B,lkaim,1
B,lkain,35
B,lkair,4
B,lkal,5
B,lkalol,1
B,lkam,7
B,lkamo,1
B,lkan,1
B,lkar,30
B,lkarchees,1
B,lkarshar,1
B,lkch,1
B,lkchaly,1
B,lkchdy,5
B,lkchedy,16
B,lkcheo,3
B,lkcheol,1
B,lkches,2
B,lkchey,8
B,lkchor,1
B,lkchs,1
B,lkchy,1
B,lkeain,1
B,lkeal,2
B,lkealy,1
B,lkech,1
B,lkechdy,1
B,lkechedy,3
B,lkeches,1
B,lkechey,2
B,lkechor,1
B,lkechy,1
B,lked,1
B,lkedain,2
B,lkedal,2
B,lkedar,1
B,lkedeed,1
B,lkedey,1
B,lkedlkey,1
B,lkedshedy,1
B,lkedy,29
B,lkeeal,1
B,lkeechey,1
B,lkeed,3
B,lkeeda,1
B,lkeedain,1
B,lkeedal,1
B,lkeedar,1
B,lkeede,1
B,lkeedol,1
B,lkeedor,1
B,lkeedy,41
B,lkeeed,1
B,lkeeedam,1
B,lkeeedy,4
B,lkeeeody,1
B,lkeees,1
B,lkeeey,8
B,lkeeo,4
B,lkeeoar,1
B,lkeeody,6
B,lkeeol,4
B,lkeeor,2
B,lkeeos,1
B,lkees,1
B,lkeeshdy,1
B,lkeeshedy,1
B,lkeey,40
B,lkeo,2
B,lkeodaiin,1
B,lkeodain,1
B,lkeody,4
B,lkeol,5
B,lkeoldy,1
B,lkeor,1
B,lkeshdy,1
B,lkesy,1
B,lkey,7
B,lkl,9
B,lklcheol,1
B,lkldy,1
B,lklor,1
B,lko,3
B,lkodol,1
B,lkol,5
B,lkor,4
B,lkshedy,4
B,lksheey,1
B,lkshey,2
B,lksho,1
B,lky,17
B,llaiiry,1
B,llchey,1
B,llchs,1
B,lldar,1
B,lldy,2
B,llm,1
B,llo,1
B,llod,1
B,llor,1
B,llory,1
B,llsan,1
B,lm,1
B,lmyl,1
B,lo,15
B,loaiin,1
B,loain,1
B,loar,1
B,loary,1
B,lochedy,1
B,lod,2
B,lodaiin,3
B,lodar,2
B,lody,2
B,loedy,1
B,loeees,1
B,loees,1
B,loeey,3
B,loety,1
B,lohedy,1
B,loiiim,1
B,loiin,4
B,lokain,1
B,lokam,2
B,lokar,1
B,lokeedy,3
B,lokeey,2
B,lol,39
B,lolain,1
B,loldy,2
B,lolkaiin,2
B,lolkair,1
B,lolkedy,1
B,lolkeol,1
B,lolol,1
B,lolom,1
B,lolor,1
B,lols,1
B,lolsaiiin,1
B,loly,6
B,lom,5
B,lor,39
B,loraiin,1
B,loral,1
B,loroin,1
B,loror,1
B,lory,1
B,los,4
B,losaiin,1
B,losair,1
B,losdy,1
B,lotal,1
B,lotar,1
B,lotedaiin,1
B,lotos,1
B,loty,4
B,lpaiin,1
B,lpaim,1
B,lpar,1
B,lpchdain,1
B,lpchdy,2
B,lpchedy,6
B,lpcheedy,1
B,lpchees,1
B,lpcheo,1
B,lpchey,1
B,lr,12
B,lraiin,1
B,lrain,1
B,lraly,1
B,lram,1
B,lror,1
B,ls,7
B,lsaiin,2
B,lsair,1
B,lsan,1
B,lsar,1
B,lsh,1
B,lshaiir,1
B,lshalshy,1
B,lshar,1
B,lshckhy,1
B,lshcthy,1
B,lshd,1
B,lshdaiin,1
B,lshdar,1
B,lshdy,2
B,lshdyqo,1
B,lshechy,1
B,lsheckhedy,1
B,lsheckhy,2
B,lshed,3
B,lshedary,1
B,lshedy,42
B,lshee,1
B,lsheedain,1
B,lsheedy,6
B,lshees,1
B,lsheetal,1
B,lsheey,8
B,lsheg,1
B,lshekain,1
B,lsheo,1
B,lsheody,3
B,lsheok,1
B,lsheol,2
B,lshes,1
B,lshety,2
B,lshey,18
B,lshl,1
B,lsho,1
B,lshodair,1
B,lshor,1
B,lshy,1
B,lsoraiin,1
B,lt,1
B,ltaiin,1
B,ltain,2
B,ltal,3
B,ltalor,1
B,ltam,1
B,ltar,1
B,ltary,2
B,ltchdy,1
B,ltchs,1
B,lteam,1
B,ltedy,7
B,lteeal,1
B,lteedy,5
B,lteey,2
B,lteody,1
B,ltsholy,1
B,lty,2
B,lxor,1
B,ly,12
B,m,4
B,n,1
B,o,31
B,oaan,1
B,oaiil,1
B,oaiin,10
B,oaiir,2
B,oain,8
B,oair,2
B,oal,2
B,oaldar,1
B,oam,1
B,oar,9
B,ocfhdy,1
B,ochar,1
B,ocheain,1
B,ochedain,1
B,ochedal,1
B,ochedar,1
B,ochedy,8
B,ocheedy,1
B,ocheey,3
B,ocheoithey,1
B,ocheor,1
B,ochey,3
B,ochody,1
B,ochor,1
B,ochos,1
B,ockhdor,1
B,ockhedy,6
B,ockheody,1
B,ockhey,2
B,ockhhy,2
B,ockhody,1
B,ockhy,5
B,ocphedy,1
B,ocpheody,1
B,ocphey,1
B,ocphy,1
B,octhair,1
B,octhal,1
B,octhd,1
B,octhdy,2
B,octhede,1
B,octhedy,2
B,octheody,1
B,octheol,1
B,octhey,4
B,octhody,2
B,octhor,1
B,octhy,7
B,od,2
B,odaiiin,3
B,odaiin,31
B,odaiir,1
B,odain,14
B,odair,2
B,odal,7
B,odaly,2
B,odam,3
B,odar,17
B,odarchdy,1
B,odchdy,1
B,odchedy,1
B,odchey,1
B,odeaiin,1
B,odeedaiin,1
B,odeedy,2
B,odeeed,1
B,odeeey,2
B,odeey,1
B,odl,3
B,odor,4
B,odr,1
B,odsheo,1
B,ody,27
B,odys,1
B,oeail,1
B,oeain,1
B,oechedy,1
B,oedaiin,1
B,oedair,1
B,oedal,1
B,oedy,2
B,oeeady,1
B,oeeal,2
B,oeear,1
B,oeedaiin,2
B,oeedy,6
B,oeeed,1
B,oeeedain,1
B,oeeedy,1
B,oeeeky,1
B,oeeeodr,1
B,oeeeody,1
B,oeeeos,1
B,oeees,1
B,oeeey,2
B,oeeodain,1
B,oeeolchy,1
B,oeeos,1
B,oeeoy,1
B,oees,4
B,oeesaiin,1
B,oeeseary,1
B,oeey,4
B,oekaiin,1
B,oekar,1
B,oekeedy,1
B,oekeey,1
B,oekeody,1
B,oekey,1
B,oekshy,1
B,oeky,1
B,oeoar,1
B,oeos,1
B,oepchol,1
B,oepor,1
B,oesal,1
B,ofaiin,2
B,ofaiino,1
B,ofaiis,1
B,ofair,1
B,ofal,2
B,ofar,4
B,ofaral,1
B,ofaram,1
B,ofaramoty,1
B,ofchain,1
B,ofchdy,5
B,ofchedaiin,1
B,ofchedaiis,1
B,ofcheds,1
B,ofchedy,7
B,ofcheefar,1
B,ofchey,2
B,ofcho,1
B,ofchr,1
B,ofchtar,1
B,ofchy,2
B,ofoly,1
B,ofor,1
B,oforam,1
B,ofory,1
B,ofseod,1
B,ofshdy,1
B,ofy,2
B,ogom,1
B,oifhedy,1
B,oiiiin,1
B,oiiin,9
B,oiiiny,1
B,oiin,17
B,oiinal,1
B,oiinol,1
B,oiir,1
B,oikhy,2
B,oin,4
B,oinaly,1
B,oinysarx,1
B,oithy,2
B,ok,3
B,okad,1
B,okaeechey,1
B,okag,1
B,okai,1
B,okaifhhy,1
B,okaifhy,1
B,okaiifchody,1
B,okaiiin,4
B,okaiin,168
B,okaiir,1
B,okail,1
B,okaildy,1
B,okaim,1
B,okain,136
B,okainy,1
B,okair,17
B,okairady,1
B,okairo,1
B,okairody,1
B,okairy,1
B,okais,1
B,okal,96
B,okalaiin,1
B,okalain,1
B,okalal,2
B,okalam,1
B,okalchdy,1
B,okalched,1
B,okalchedy,2
B,okalcheg,1
B,okalchy,2
B,okaldain,1
B,okaldy,4
B,okalo,1
B,okalol,3
B,okalor,2
B,okalshdy,1
B,okaly,13
B,okam,19
B,okan,3
B,okaos,1
B,okar,103
B,okaraiin,1
B,okaral,5
B,okaraly,1
B,okaram,1
B,okarchy,1
B,okardy,1
B,okarol,2
B,okary,6
B,okas,2
B,okasor,1
B,okchaiin,2
B,okchar,1
B,okcharaiin,1
B,okchd,6
B,okchdal,2
B,okchdam,1
B,okchdar,3
B,okchdldlo,1
B,okchdpchy,1
B,okchdy,18
B,okchechy,1
B,okchedaiin,1
B,okchedam,2
B,okchedy,21
B,okcheefy,1
B,okcheeo,1
B,okcheey,5
B,okcheochy,1
B,okcheody,1
B,okchey,18
B,okchhy,1
B,okcho,4
B,okchoiiin,1
B,okchor,3
B,okchy,13
B,okdy,1
B,okeaiin,1
B,okeal,6
B,okeam,1
B,okear,3
B,okechdy,4
B,okechedy,4
B,okecheey,1
B,okechey,1
B,okechoked,1
B,okechol,1
B,okechy,4
B,oked,2
B,okedaiin,3
B,okedain,3
B,okedal,5
B,okedalor,1
B,okedals,1
B,okedam,3
B,okedar,6
B,okedes,1
B,okedody,1
B,okedor,3
B,okedy,113
B,okedyd,1
B,okedyted,1
B,okeeal,1
B,okeeam,1
B,okeear,2
B,okeearam,1
B,okeechy,1
B,okeed,3
B,okeedaiin,1
B,okeedaim,1
B,okeedain,2
B,okeedaky,1
B,okeedal,3
B,okeedam,1
B,okeedar,2
B,okeedaram,1
B,okeedchs,1
B,okeeddl,1
B,okeedey,1
B,okeedy,101
B,okeeedy,9
B,okeeeo,1
B,okeeeody,1
B,okeeeosaiin,1
B,okeees,1
B,okeeesey,1
B,okeeey,18
B,okeeeykchy,1
B,okeeo,10
B,okeeodair,1
B,okeeodar,1
B,okeeody,8
B,okeeokain,1
B,okeeol,5
B,okeeolkcheey,1
B,okeeoly,1
B,okeeom,1
B,okeeor,7
B,okeeos,3
B,okees,9
B,okeeshy,2
B,okeesodar,1
B,okeesy,1
B,okeey,123
B,okeeylchedy,1
B,okeeyteedy,1
B,okehdy,1
B,okeo,2
B,okeoam,1
B,okeockhey,1
B,okeodain,1
B,okeodof,1
B,okeody,15
B,okeokain,1
B,okeol,18
B,okeolan,1
B,okeolkey,1
B,okeolor,1
B,okeolshey,1
B,okeom,1
B,okeor,4
B,okeorl,1
B,okeos,1
B,okeoteey,1
B,okes,1
B,okeshedy,1
B,okeshey,1
B,okeshos,1
B,okeshy,3
B,okey,34
B,okeyr,1
B,okeyty,1
B,okhar,1
B,okiin,2
B,okilcheol,1
B,okirolcy,1
B,oklor,1
B,oko,1
B,okochey,1
B,okod,1
B,okody,4
B,okoeey,1
B,okoey,1
B,okoiin,1
B,okol,22
B,okolchey,1
B,okolchy,1
B,okoldm,1
B,okoldy,4
B,okolo,1
B,okolshy,1
B,okom,2
B,okooky,1
B,okool,1
B,okor,8
B,okory,2
B,okos,1
B,okoy,1
B,okraiin,1
B,okshchedy,1
B,okshd,1
B,okshdy,1
B,okshed,1
B,okshedy,3
B,oksheey,1
B,okshey,8
B,okshy,5
B,oky,49
B,okyd,1
B,okydy,1
B,okylky,1
B,okylor,1
B,ol,421
B,olaiiin,1
B,olaiin,35
B,olaiiny,1
B,olaiir,2
B,olain,12
B,olainy,1
B,olair,1
B,olal,5
B,olalor,1
B,olaly,1
B,olam,6
B,olan,1
B,olar,9
B,olchain,1
B,olchal,1
B,olcham,1
B,olchar,1
B,olchckhy,1
B,olchcthy,2
B,olchdaiin,2
B,olchdar,1
B,olchdy,8
B,olcheckhy,1
B,olched,3
B,olchedaiin,1
B,olchedr,1
B,olchedy,37
B,olchedyo,1
B,olcheear,1
B,olcheedar,1
B,olcheedy,3
B,olcheees,1
B,olcheeey,1
B,olcheeo,1
B,olchees,1
B,olcheey,9
B,olchef,1
B,olcheky,1
B,olcheo,2
B,olcheody,1
B,olcheol,4
B,olcheor,1
B,olcheos,1
B,olchesy,1
B,olchey,24
B,olcho,1
B,olchy,7
B,olcsedy,1
B,old,2
B,oldaiin,2
B,oldal,1
B,oldam,2
B,oldar,3
B,oldor,1
B,oldy,18
B,oleed,1
B,oleedar,1
B,oleedy,3
B,oleeed,1
B,oleeedy,2
B,oleeey,2
B,oleeol,1
B,oleey,1
B,oleoeder,1
B,olfaiin,1
B,olfar,1
B,olfchedy,4
B,olfchey,2
B,olfor,1
B,olfy,1
B,olk,1
B,olkady,1
B,olkaiin,31
B,olkaiir,1
B,olkaim,1
B,olkain,33
B,olkair,4
B,olkais,1
B,olkal,11
B,olkalol,1
B,olkam,8
B,olkar,18
B,olkardam,1
B,olkchdy,4
B,olkchedy,6
B,olkchey,4
B,olkchokeedy,1
B,olkchs,1
B,olkchy,4
B,olkechy,2
B,olked,1
B,olkedaiin,2
B,olkedy,27
B,olkee,1
B,olkeeal,1
B,olkeear,2
B,olkeechdy,1
B,olkeechey,1
B,olkeechy,3
B,olkeed,1
B,olkeedain,1
B,olkeedal,1
B,olkeedy,42
B,olkeeeary,1
B,olkeeed,1
B,olkeeedy,3
B,olkeees,1
B,olkeeey,9
B,olkeeo,4
B,olkeeodal,1
B,olkeeody,5
B,olkeeol,1
B,olkeeor,2
B,olkeeos,1
B,olkees,2
B,olkeeshy,1
B,olkeey,38
B,olkeeyr,1
B,olkeody,2
B,olkeol,4
B,olkeor,1
B,olkeoy,1
B,olkeshar,1
B,olkeshey,1
B,olkey,10
B,olkiir,1
B,olkl,1
B,olko,1
B,olkol,5
B,olkor,3
B,olkory,1
B,olkshdy,1
B,olkshed,1
B,olkshedy,1
B,olkshey,1
B,olky,21
B,oll,3
B,ollain,1
B,ollchy,2
B,olldy,1
B,olo,2
B,oloaiin,1
B,oloeedy,1
B,oloeeedy,1
B,oloeeey,1
B,oloeorain,1
B,olohy,1
B,oloiin,4
B,oloin,2
B,olokar,1
B,oloky,2
B,olol,10
B,ololary,1
B,ololchey,1
B,ololdal,1
B,ololdy,1
B,olom,2
B,olor,26
B,oloraiin,1
B,olord,1
B,olorol,1
B,olos,2
B,olotchedy,1
B,oloy,2
B,olpair,1
B,olpchdy,1
B,olpchedy,4
B,olpcheey,1
B,olpchesd,1
B,olpchey,1
B,olpoikhy,1
B,olpshedy,1
B,olpshy,1
B,olqo,1
B,olr,6
B,olraiin,1
B,ols,9
B,olsaiin,1
B,olsain,1
B,olsaly,1
B,olsar,1
B,olshalsy,1
B,olshdy,4
B,olshed,2
B,olshedy,23
B,olsheed,1
B,olsheedy,1
B,olshees,1
B,olsheey,6
B,olsheol,3
B,olsheor,2
B,olshey,11
B,olsho,1
B,olshty,1
B,olshy,1
B,oltaiin,2
B,oltain,2
B,oltal,2
B,oltam,1
B,oltar,2
B,oltchdy,1
B,oltchedy,1
B,oltcheey,1
B,oltchey,1
B,oltchy,1
B,oltedy,5
B,olteedam,1
B,olteedy,3
B,olteeedy,1
B,olteey,1
B,olteody,2
B,oltey,1
B,oltoiin,1
B,oltshedy,1
B,oltshey,1
B,oltshsey,1
B,oltydy,2
B,oly,45
B,om,11
B,ooeeor,1
B,ookam,1
B,oolals,1
B,oor,2
B,op,1
B,opa,1
B,opaichy,1
B,opaiim,1
B,opaiin,6
B,opaiiral,1
B,opaiis,1
B,opail,1
B,opailo,1
B,opaim,1
B,opain,1
B,opair,4
B,opairam,1
B,opakam,1
B,opal,7
B,opalal,1
B,opalam,1
B,opalchdy,1
B,opaldy,1
B,opalkaiin,2
B,opalkam,1
B,opalkar,1
B,opalke,1
B,opalor,1
B,opalshedy,1
B,opaly,1
B,opam,3
B,opar,5
B,opary,3
B,opasy,1
B,opch,1
B,opchaikhy,1
B,opchal,1
B,opchaly,1
B,opchar,1
B,opchdain,1
B,opchdal,1
B,opchdar,1
B,opchdy,19
B,opchealol,1
B,opchear,1
B,opched,2
B,opchedaiin,4
B,opchedal,1
B,opcheddl,1
B,opchedy,50
B,opcheed,1
B,opcheedy,3
B,opcheeky,1
B,opcheeo,1
B,opchees,1
B,opcheey,3
B,opchekaiin,1
B,opchekan,1
B,opcheo,1
B,opcheocf,1
B,opcheodair,1
B,opcheody,1
B,opcheol,4
B,opchepy,1
B,opches,2
B,opchety,1
B,opchey,21
B,opcho,1
B,opchody,1
B,opchol,1
B,opcholor,2
B,opchor,2
B,opchsd,2
B,opchsey,1
B,opchy,7
B,opcsedy,1
B,opdaiin,3
B,opdaildo,1
B,opdairody,1
B,opdarshdy,1
B,opoees,1
B,opoiin,1
B,opol,2
B,opoloiin,1
B,opoly,2
B,opomdy,1
B,opor,6
B,oporaiin,2
B,opshdy,1
B,opshed,1
B,opshedal,1
B,opshedy,2
B,opshes,1
B,opshey,1
B,opshol,1
B,opsholal,1
B,opy,4
B,oqaiin,1
B,oqekain,1
B,oqo,1
B,oqockhy,1
B,oqoeeosain,1
B,oqofchedy,1
B,oqokain,2
B,oqokeey,1
B,oqokeol,1
B,oqoky,1
B,oqol,2
B,oqotaiin,1
B,oqotoiiin,1
B,or,250
B,orai,1
B,oraiiin,4
B,oraiin,28
B,orain,25
B,orair,5
B,orairody,1
B,oral,6
B,oraly,1
B,oram,8
B,oranol,1
B,orar,6
B,oraro,1
B,orarorchy,1
B,oraryteop,1
B,orchcthdy,1
B,orchcthy,2
B,orchedal,1
B,orchedar,1
B,orchedy,2
B,orcheo,1
B,orcheol,1
B,orcheory,1
B,orcheos,1
B,orchey,4
B,orchsey,1
B,ordaiin,1
B,ordy,1
B,ore,1
B,oreeem,1
B,oreeey,1
B,oriim,1
B,orkar,1
B,orkchdy,1
B,orkchsd,1
B,orlchey,1
B,oro,2
B,orodam,1
B,oroiiin,2
B,oroiir,1
B,oroiry,1
B,orokeeeey,1
B,orol,12
B,orold,1
B,orolkain,1
B,oroly,3
B,orom,2
B,oror,4
B,orory,1
B,ors,1
B,orsheckhy,1
B,orsheedy,1
B,orsheeen,1
B,ory,11
B,os,11
B,osaiiin,1
B,osaiin,5
B,osain,2
B,osal,2
B,oseeedar,1
B,oshdy,1
B,oshedy,3
B,osheedy,1
B,osheeky,1
B,osheeo,1
B,osheey,1
B,osheol,1
B,oshepols,1
B,oshey,6
B,oshsodaiin,1
B,oshyteed,1
B,osy,1
B,ot,5
B,ota,1
B,otadar,1
B,otaiiin,1
B,otaiikam,1
B,otaiilody,1
B,otaiin,108
B,otaiir,1
B,otail,1
B,otaily,1
B,otaim,1
B,otain,92
B,otainos,1
B,otair,17
B,otairar,1
B,otairor,2
B,otais,3
B,otakeol,1
B,otaky,1
B,otal,104
B,otalaiin,1
B,otalain,1
B,otalair,1
B,otalam,1
B,otalar,1
B,otaldal,1
B,otaldiin,1
B,otaldy,3
B,otalkain,1
B,otalkchy,1
B,otalky,1
B,otalod,1
B,otalom,1
B,otalor,3
B,otalr,1
B,otalshdy,1
B,otalshedy,3
B,otalsy,1
B,otaly,9
B,otam,37
B,otan,4
B,otar,114
B,otaraiin,1
B,otarain,1
B,otaral,2
B,otaram,3
B,otarar,4
B,otaras,1
B,otaray,1
B,otarcho,1
B,otardam,1
B,otardy,1
B,otariin,1
B,otarody,1
B,otary,4
B,otaryly,1
B,otas,3
B,otasodlory,1
B,otcham,1
B,otchar,2
B,otchd,1
B,otchdain,1
B,otchdo,1
B,otchdy,26
B,otchechy,1
B,otchedain,1
B,otchedair,1
B,otchedar,1
B,otchedey,1
B,otchedy,34
B,otcheed,1
B,otcheedaiin,1
B,otcheedy,1
B,otcheeo,1
B,otcheey,2
B,otcheo,1
B,otcheochy,1
B,otcheodaiin,1
B,otcheody,1
B,otcheos,1
B,otches,3
B,otchey,17
B,otcheypchedy,1
B,otcho,1
B,otchod,3
B,otchodar,1
B,otchody,1
B,otchol,1
B,otchor,1
B,otchotor,1
B,otchs,1
B,otchsdy,1
B,otchy,12
B,otdady,1
B,otdal,1
B,otdy,1
B,oteaiin,2
B,oteain,1
B,oteal,6
B,otear,2
B,otech,1
B,otechd,1
B,otechdy,5
B,otechedy,1
B,otecheedy,1
B,otechshy,1
B,otechy,2
B,otechys,1
B,oted,1
B,otedaiin,3
B,otedain,2
B,otedair,1
B,otedal,4
B,otedalol,1
B,otedam,3
B,otedar,10
B,otedeey,1
B,otedol,3
B,otedor,1
B,otedos,1
B,otedy,151
B,otedyl,1
B,otedyo,1
B,oteeal,1
B,oteeam,2
B,oteechy,1
B,oteed,8
B,oteedain,2
B,oteedal,2
B,oteedan,1
B,oteedar,2
B,oteedchey,1
B,oteedy,92
B,oteeedchey,1
B,oteeedy,3
B,oteeeos,1
B,oteeey,8
B,oteeg,1
B,oteeo,8
B,oteeodail,1
B,oteeodam,1
B,oteeodl,1
B,oteeody,5
B,oteeol,4
B,oteeolchor,1
B,oteeolkeey,1
B,oteeos,2
B,oteeosy,1
B,oteer,1
B,otees,4
B,oteesal,1
B,oteey,94
B,oteeykshy,1
B,oteo,5
B,oteochey,1
B,oteod,1
B,oteodaiin,2
B,oteodair,1
B,oteodar,2
B,oteodl,1
B,oteodo,1
B,oteody,14
B,oteoin,1
B,oteol,20
B,oteolair,1
B,oteoldy,1
B,oteoly,1
B,oteor,7
B,oteorom,1
B,oteos,2
B,oteoy,1
B,otes,2
B,oteshy,1
B,otey,36
B,oteys,1
B,otiiin,1
B,otiir,1
B,otkchedy,1
B,otl,1
B,otlaiin,1
B,otlchdain,1
B,otleey,1
B,otlol,1
B,oto,3
B,otodaiin,4
B,otodal,1
B,otodar,1
B,otodchy,1
B,otodeeeo,1
B,otody,8
B,otoiin,1
B,otoiis,1
B,otoin,1
B,otokal,1
B,otokcho,1
B,otokeedy,1
B,otol,33
B,otolaiino,1
B,otolches,1
B,otoldy,3
B,otoldyl,1
B,otolkshy,1
B,otolol,1
B,otolor,1
B,otoloty,1
B,otoly,4
B,otom,1
B,otor,23
B,otork,1
B,otorsheey,1
B,otory,1
B,otos,2
B,ototar,1
B,otoy,1
B,otoydy,1
B,otsh,1
B,otshdy,3
B,otshealkar,1
B,otshedy,11
B,otsheody,1
B,otshes,1
B,otshey,6
B,otshs,1
B,otshsaiin,1
B,oty,62
B,otychey,1
B,otyd,1
B,otytam,1
B,otyteeodain,1
B,oxar,1
B,oxockhey,1
B,oxor,1
B,oxy,1
B,oy,4
B,oykeedy,1
B,oyshey,1
B,p,1
B,padar,1
B,paichy,1
B,paiin,6
B,paiinody,1
B,paiir,2
B,pair,2
B,pairain,1
B,pairar,2
B,pairody,1
B,pal,2
B,palar,1
B,palchar,1
B,palchd,1
B,palkeedy,1
B,palshsar,1
B,par,4
B,paradam,1
B,parair,1
B,parchdy,1
B,pardy,1
B,parody,1
B,paroiin,1
B,pchal,3
B,pchallarar,1
B,pchar,1
B,pcharalor,1
B,pchcfhdy,1
B,pchd,1
B,pchdaiin,3
B,pchdair,4
B,pchdairor,1
B,pchdal,1
B,pchdam,2
B,pchdar,5
B,pchdarody,1
B,pchdeedy,1
B,pchdlar,1
B,pchdoiin,1
B,pchdol,2
B,pchdy,10
B,pcheam,1
B,pchear,1
B,pchecfhey,1
B,pched,1
B,pchedaiin,4
B,pchedain,2
B,pchedairs,1
B,pchedal,5
B,pchedar,11
B,pchedas,1
B,pchedchdy,1
B,pchedeey,1
B,pchedey,1
B,pchedy,34
B,pcheed,1
B,pcheedy,2
B,pcheeody,2
B,pcheety,1
B,pcheey,1
B,pcheo,3
B,pcheockhy,1
B,pcheocphy,1
B,pcheodaiin,1
B,pcheodain,1
B,pcheodal,1
B,pcheodar,2
B,pcheodchy,1
B,pcheody,5
B,pcheoepchy,1
B,pcheokeey,1
B,pcheol,7
B,pcheolkal,1
B,pcheoor,1
B,pcheor,4
B,pcheos,2
B,pcheoy,1
B,pchesfchy,1
B,pchey,11
B,pcho,1
B,pchod,1
B,pchodaiin,1
B,pchodain,3
B,pchodair,1
B,pchodar,1
B,pchody,3
B,pchoetal,1
B,pchof,1
B,pchofar,1
B,pchol,5
B,pcholkal,1
B,pcholkchdy,1
B,pcholkeedy,1
B,pcholky,2
B,pcholor,1
B,pcholy,1
B,pchor,6
B,pchoraiin,1
B,pchoror,1
B,pchosos,1
B,pchsed,1
B,pchsodar,1
B,pchtchdy,1
B,pchykar,1
B,pdaiin,3
B,pdair,1
B,pdal,2
B,pdalshor,1
B,pdar,2
B,pdol,1
B,pdsairy,1
B,pdsheody,1
B,peshol,1
B,pheey,1
B,poalosy,1
B,poar,2
B,poaral,1
B,pocharal,1
B,pochedy,2
B,pochey,1
B,pochor,1
B,podaiin,3
B,podair,2
B,podar,3
B,podaroar,1
B,podkor,1
B,podshedy,1
B,pody,2
B,poedair,1
B,poeeo,1
B,poeokeey,1
B,poiin,3
B,poir,1
B,pokain,1
B,pokar,1
B,pokeey,1
B,pol,22
B,polaiin,7
B,polairy,1
B,polal,1
B,polalchdy,1
B,polanar,1
B,polar,2
B,polarar,2
B,polchal,1
B,polchdy,2
B,polchechy,1
B,polched,2
B,polchedy,6
B,polcheolkain,1
B,polchey,2
B,polchls,1
B,polchs,1
B,polchy,1
B,poldaiin,1
B,poldaky,1
B,poldshedy,1
B,poldy,1
B,poleedaran,1
B,polkchy,1
B,polkeedal,1
B,polkeeey,1
B,polkeeo,1
B,polkeey,1
B,polkiin,1
B,polky,1
B,polor,2
B,polsaisy,1
B,polshdal,1
B,polshdy,1
B,polshol,1
B,polshor,1
B,polshy,3
B,polteshol,1
B,poly,2
B,pom,1
B,por,6
B,poraiiindy,1
B,poraiin,2
B,porain,2
B,porair,1
B,poral,1
B,porar,1
B,porarchy,1
B,porchey,1
B,porol,1
B,pororaiin,1
B,posairy,1
B,posalshy,1
B,posheos,1
B,potchokar,1
B,psalar,1
B,pschedal,1
B,pshar,1
B,pshdaiin,1
B,pshdal,1
B,pshdar,2
B,pshdy,1
B,pshedaiin,1
B,pshedar,1
B,pshedy,3
B,psheedy,1
B,psheodalo,1
B,psheodar,1
B,psheody,4
B,psheoky,1
B,psheoldy,2
B,psheor,1
B,pshesy,1
B,pshoair,1
B,pshodaiin,1
B,pshodalos,1
B,pshody,1
B,pshol,2
B,pshorol,1
B,pychal,1
B,pychdar,1
B,pychory,1
B,pykedy,1
B,pykeor,1
B,pyoaly,1
B,q,1
B,qaiin,2
B,qairal,1
B,qakar,1
B,qaloin,1
B,qchar,1
B,qchedy,1
B,qchor,1
B,qckham,1
B,qckhear,1
B,qckhedy,2
B,qckhhy,1
B,qckhsy,1
B,qckhy,2
B,qcphhedy,1
B,qcphhy,1
B,qcthdys,1
B,qctheed,1
B,qcthey,2
B,qcthhy,2
B,qcthy,2
B,qear,1
B,qedaiin,1
B,qedy,1
B,qeeal,1
B,qeear,1
B,qeedar,2
B,qeedeey,1
B,qeedy,2
B,qeeedy,2
B,qeeeear,1
B,qeeey,3
B,qeeor,1
B,qeeoy,1
B,qeey,3
B,qef,1
B,qekaiin,2
B,qekal,1
B,qekar,1
B,qekchdy,3
B,qekchy,1
B,qekedy,1
B,qekeeey,1
B,qekeey,2
B,qekey,1
B,qekor,1
B,qeky,1
B,qeokehy,1
B,qeokeody,1
B,qeol,1
B,qeoodaiin,1
B,qepchedy,1
B,qepchey,1
B,qepoepy,1
B,qetaiin,1
B,qetain,1
B,qetal,1
B,qetam,1
B,qetchar,1
B,qetchdy,1
B,qetdain,1
B,qetedy,1
B,qety,1
B,qey,1
B,qfol,1
B,qkain,2
B,qkor,1
B,qlky,1
B,qo,17
B,qoaiin,13
B,qoain,6
B,qoair,2
B,qoal,3
B,qoar,6
B,qochaiin,1
B,qochdaiin,1
B,qochedain,1
B,qochedy,2
B,qocheeol,1
B,qocheky,1
B,qocheo,1
B,qocheol,1
B,qochey,6
B,qochy,1
B,qockhal,1
B,qockhdy,1
B,qockhed,1
B,qockhedy,3
B,qockheedy,1
B,qockheey,3
B,qockheos,1
B,qockhey,8
B,qockhhdy,1
B,qockhol,1
B,qockhy,3
B,qocky,1
B,qocphdy,2
B,qocseedy,1
B,qoctchey,1
B,qocthdy,1
B,qocthedy,3
B,qoctheody,1
B,qocthes,1
B,qocthey,4
B,qoctho,1
B,qocthy,1
B,qod,4
B,qodaiiin,2
B,qodaiin,27
B,qodain,10
B,qodair,2
B,qodal,2
B,qodam,1
B,qodan,1
B,qodar,4
B,qodary,1
B,qodched,1
B,qodeedy,3
B,qodeey,2
B,qodor,1
B,qodos,1
B,qody,12
B,qodykey,1
B,qoear,2
B,qoedaiin,3
B,qoedeey,1
B,qoedy,4
B,qoeear,1
B,qoeechdy,1
B,qoeechy,1
B,qoeed,1
B,qoeeda,1
B,qoeedaiin,2
B,qoeedain,1
B,qoeedeody,1
B,qoeedy,20
B,qoeeean,1
B,qoeeedy,3
B,qoeeeey,1
B,qoeeeo,1
B,qoeees,2
B,qoeeey,4
B,qoeekain,1
B,qoeekeedy,1
B,qoeeo,2
B,qoeeody,2
B,qoeeol,1
B,qoeeor,1
B,qoees,1
B,qoeey,10
B,qoek,1
B,qoekaiin,1
B,qoekedy,2
B,qoekeeykeody,1
B,qoeky,1
B,qoeol,1
B,qoepchy,1
B,qoesedy,1
B,qoetar,1
B,qoete,1
B,qof,1
B,qofaiin,1
B,qofain,1
B,qofair,1
B,qofchal,1
B,qofchdaiin,1
B,qofchdal,1
B,qofchdar,1
B,qofchdy,3
B,qofchedy,8
B,qofcheepy,1
B,qofcheol,2
B,qofchey,1
B,qofchol,1
B,qofchy,1
B,qofockhdy,1
B,qofod,1
B,qofol,1
B,qofshdy,1
B,qofsheeey,1
B,qofshy,1
B,qoiiin,4
B,qoiin,3
B,qoin,1
B,qoirain,1
B,qoisol,1
B,qok,7
B,qokady,1
B,qokaekeeey,1
B,qokaiii,1
B,qokaiiin,1
B,qokaiin,240
B,qokaiir,3
B,qokail,1
B,qokaim,2
B,qokain,275
B,qokair,12
B,qokairolchdy,1
B,qokairor,1
B,qokaiy,1
B,qokal,169
B,qokalchdy,2
B,qokalchey,1
B,qokaldar,1
B,qokaldy,7
B,qokalol,1
B,qokalom,1
B,qokaloro,1
B,qokalsh,1
B,qokalshedy,1
B,qokaly,12
B,qokam,22
B,qokamdy,1
B,qokan,8
B,qokaoy,1
B,qokar,137
B,qokaram,2
B,qokary,1
B,qokas,3
B,qokchal,1
B,qokchar,1
B,qokchd,5
B,qokchdain,1
B,qokchdy,54
B,qokchdyl,1
B,qokched,1
B,qokchedy,38
B,qokcheedy,2
B,qokcheey,1
B,qokcheodaiin,1
B,qokcheody,1
B,qokchey,24
B,qokchkeey,1
B,qokcho,2
B,qokchol,3
B,qokchor,1
B,qokchsdy,1
B,qokchy,29
B,qokdy,4
B,qokeain,3
B,qokeal,3
B,qokealdy,1
B,qokear,6
B,qokechchy,1
B,qokechckhy,1
B,qokechdy,3
B,qokechedy,4
B,qokecheos,1
B,qokechey,1
B,qokecho,1
B,qokechy,10
B,qoked,7
B,qokedaiin,3
B,qokedain,4
B,qokedal,3
B,qokedam,2
B,qokedar,8
B,qokededy,1
B,qokedol,1
B,qokedy,271
B,qokedydy,1
B,qokeeaiin,1
B,qokeeal,1
B,qokeear,2
B,qokeeas,1
B,qokeechey,1
B,qokeechy,5
B,qokeed,14
B,qokeedaiin,1
B,qokeedain,3
B,qokeedair,1
B,qokeedal,3
B,qokeedar,6
B,qokeedody,1
B,qokeedy,305
B,qokeeedy,4
B,qokeeeos,1
B,qokeees,1
B,qokeeey,23
B,qokeefcy,1
B,qokeeiin,1
B,qokeel,1
B,qokeeo,17
B,qokeeod,2
B,qokeeodaiin,1
B,qokeeodain,1
B,qokeeodor,1
B,qokeeody,9
B,qokeeokain,1
B,qokeeol,5
B,qokeeolchey,1
B,qokeeor,6
B,qokeeos,2
B,qokees,8
B,qokeeshy,1
B,qokeey,264
B,qokeg,1
B,qokehdy,1
B,qokeo,3
B,qokeochy,1
B,qokeod,3
B,qokeodair,1
B,qokeody,15
B,qokeokedy,1
B,qokeol,16
B,qokeoly,1
B,qokeor,11
B,qokeory,1
B,qokeos,1
B,qokeoy,1
B,qoker,1
B,qokes,1
B,qokesdy,1
B,qokeshdy,1
B,qokeshe,1
B,qokeshedy,1
B,qokeshey,1
B,qokeshy,1
B,qokey,88
B,qokiir,1
B,qokl,9
B,qoklaiin,1
B,qoklain,1
B,qoklcheey,1
B,qoko,6
B,qokod,2
B,qokodaiin,1
B,qokody,5
B,qokoeey,1
B,qokoiin,2
B,qokoin,1
B,qokokil,1
B,qokol,56
B,qokolchedy,1
B,qokoldy,2
B,qokolkain,1
B,qokolkchdy,1
B,qokolky,1
B,qokopy,1
B,qokor,20
B,qokoror,1
B,qokoy,1
B,qoksh,1
B,qokshd,3
B,qokshdy,3
B,qokshedy,11
B,qoksheo,1
B,qoksheoy,1
B,qokshey,8
B,qokshy,6
B,qoky,111
B,qokychdy,1
B,qokydy,2
B,qokyl,1
B,qokylddy,1
B,qokyr,1
B,qol,145
B,qolaiin,2
B,qolain,3
B,qolair,1
B,qolal,2
B,qolar,2
B,qolchdy,1
B,qolchedy,10
B,qolcheedy,2
B,qolcheey,1
B,qolcheol,2
B,qolcheor,1
B,qolchey,11
B,qolchy,2
B,qoldar,1
B,qoldy,1
B,qoleechedy,1
B,qolkaiin,2
B,qolkain,5
B,qolkary,1
B,qolkchy,1
B,qolkedy,1
B,qolkeedy,7
B,qolkeeey,1
B,qolkeey,5
B,qolkeshdy,1
B,qolkey,1
B,qolkshey,1
B,qolky,4
B,qolol,1
B,qolp,1
B,qolr,1
B,qolsa,1
B,qolshdy,1
B,qolshedy,2
B,qolsheedy,2
B,qolsheey,1
B,qolshey,2
B,qolshy,2
B,qoltedy,1
B,qolteedy,1
B,qoly,7
B,qoochy,1
B,qoodain,1
B,qoody,1
B,qool,3
B,qoolkaiin,1
B,qoolkal,1
B,qoolkeedy,1
B,qoor,2
B,qop,3
B,qopaiin,6
B,qopairam,1
B,qopal,1
B,qopalor,1
B,qopam,1
B,qopar,5
B,qoparaiin,1
B,qopary,1
B,qopchais,1
B,qopcham,1
B,qopchar,1
B,qopchcfhy,1
B,qopchchs,1
B,qopchd,1
B,qopchdy,15
B,qopchear,1
B,qopchedaiin,1
B,qopchedal,1
B,qopcheddy,1
B,qopchedy,32
B,qopchedyd,1
B,qopcheedy,2
B,qopcheeody,1
B,qopcheey,4
B,qopcheoain,1
B,qopcheody,1
B,qopcheol,1
B,qopcheos,2
B,qopcher,1
B,qopches,1
B,qopchesy,1
B,qopchety,1
B,qopchey,7
B,qopchody,1
B,qopchol,5
B,qopchsd,1
B,qopchy,6
B,qopchyr,1
B,qopdaiin,1
B,qopdain,1
B,qopdy,1
B,qopeedy,1
B,qopeeedar,1
B,qopoeey,1
B,qopoiin,1
B,qopol,4
B,qopolkain,1
B,qopor,3
B,qopshedy,4
B,qopy,3
B,qopydaiin,1
B,qoqokeey,1
B,qor,15
B,qoraiin,1
B,qorain,3
B,qorar,1
B,qorchain,1
B,qorchedy,1
B,qorshy,1
B,qos,2
B,qosaiin,1
B,qosain,1
B,qoseey,1
B,qosheckhhy,1
B,qoshedy,1
B,qosheo,1
B,qot,3
B,qotad,1
B,qotaiiin,2
B,qotaiin,66
B,qotaiior,1
B,qotail,1
B,qotain,62
B,qotair,4
B,qotal,53
B,qotalal,1
B,qotalchedy,1
B,qotaldy,1
B,qotals,1
B,qotalshy,1
B,qotaly,5
B,qotam,9
B,qotan,1
B,qotar,61
B,qotardy,1
B,qotary,1
B,qotas,2
B,qotchd,3
B,qotchdain,1
B,qotchdal,1
B,qotchdar,1
B,qotchdy,23
B,qotched,5
B,qotchedar,2
B,qotchedy,24
B,qotcheedy,4
B,qotcheo,3
B,qotches,1
B,qotchey,11
B,qotcho,2
B,qotchody,2
B,qotchoraiin,1
B,qotchs,1
B,qotchsdy,1
B,qotchy,12
B,qotdcty,1
B,qotddyar,1
B,qoteal,2
B,qotear,2
B,qotechy,2
B,qoted,4
B,qotedaiin,3
B,qotedain,1
B,qotedais,1
B,qotedal,3
B,qotedar,3
B,qotedary,1
B,qotedl,1
B,qotedol,1
B,qotedor,2
B,qotedshedy,1
B,qotedy,91
B,qoteed,3
B,qoteedaiin,1
B,qoteedar,3
B,qoteeddy,1
B,qoteedo,1
B,qoteedy,73
B,qoteeedy,3
B,qoteeey,2
B,qoteeo,2
B,qoteeod,1
B,qoteeody,3
B,qoteeol,3
B,qoteeos,3
B,qoteeotchy,1
B,qotees,3
B,qoteesy,2
B,qoteey,31
B,qoteo,4
B,qoteodaiin,1
B,qoteode,1
B,qoteody,8
B,qoteol,6
B,qoteoly,1
B,qoteoor,1
B,qoteor,3
B,qoteos,1
B,qoteosam,1
B,qotes,2
B,qoteshy,1
B,qotesy,1
B,qotey,20
B,qoteytyqoky,1
B,qotir,1
B,qotl,2
B,qotlolkal,1
B,qoto,1
B,qotody,7
B,qotoeetchy,1
B,qotokody,1
B,qotoky,1
B,qotol,24
B,qotolaiin,1
B,qotolchd,1
B,qotolcheo,2
B,qotolchy,1
B,qotolol,1
B,qotom,1
B,qotor,12
B,qotos,1
B,qototeeey,1
B,qotoy,1
B,qotshdy,3
B,qotshedy,3
B,qotsheod,2
B,qotshey,1
B,qotshy,1
B,qoty,57
B,qotydy,1
B,qotyl,1
B,qotyshey,1
B,qoy,4
B,qoykeey,1
B,qoyky,1
B,qpchedy,1
B,qsain,1
B,qsolkeedy,1
B,qtam,1
B,qtchedy,1
B,qteey,1
B,qy,2
B,qykaiin,1
B,qykeeody,1
B,r,41
B,ra,1
B,rai,2
B,raiiin,1
B,raiin,65
B,raiis,1
B,raikchy,1
B,rain,25
B,rair,6
B,rais,1
B,raithty,1
B,raithy,1
B,rakain,1
B,ral,16
B,ralchl,1
B,ralchs,1
B,ralchy,1
B,raldl,1
B,ralkchedy,1
B,ralky,1
B,ralom,1
B,rals,1
B,raly,2
B,ram,13
B,ramshy,1
B,rar,16
B,raraiiin,1
B,raraiin,6
B,raral,2
B,raraldy,1
B,raram,3
B,rarolchl,1
B,rary,4
B,ras,1
B,rchar,1
B,rchchy,1
B,rched,1
B,rchedar,1
B,rchedy,11
B,rcheeo,1
B,rchees,1
B,rcheetey,1
B,rcheey,3
B,rcheky,2
B,rcheo,1
B,rcheold,1
B,rches,1
B,rchey,6
B,rchl,1
B,rchos,1
B,rchr,2
B,rchs,1
B,rchsy,1
B,rchy,2
B,rd,1
B,reeey,1
B,rfam,1
B,rkal,1
B,rkar,1
B,rkchdy,1
B,rkeey,1
B,rky,1
B,rl,2
B,rlaiin,1
B,ro,6
B,rod,1
B,rodaiin,2
B,rodain,1
B,rodam,2
B,rodeedy,1
B,rody,2
B,roees,1
B,roiin,4
B,roiir,1
B,rokaix,1
B,rokeedy,1
B,rol,19
B,rolchedy,1
B,rolchey,1
B,rolchy,2
B,rolkam,1
B,rolkeedy,1
B,rolkeey,1
B,rolsheedy,1
B,rolshey,1
B,roly,2
B,rom,3
B,ror,15
B,rorain,1
B,roral,1
B,rorcheey,1
B,rorol,3
B,rory,1
B,rosy,1
B,rotaiin,1
B,rotydy,1
B,rpchey,1
B,rshdy,1
B,rsheal,1
B,rshed,1
B,rshedy,7
B,rsheedar,1
B,rsheedy,3
B,rsheodor,1
B,rsheol,1
B,rshey,2
B,rtain,1
B,rteol,1
B,ry,9
B,s,60
B,sa,1
B,saiin,99
B,saiir,3
B,saiirol,1
B,sail,1
B,saim,2
B,sain,61
B,saino,2
B,sair,20
B,sairal,1
B,sairn,1
B,sairol,2
B,sairom,1
B,sairor,1
B,sairy,3
B,saithy,1
B,sakaiin,1
B,sal,31
B,salar,1
B,salched,1
B,salchedy,2
B,saldam,1
B,saldy,2
B,salf,1
B,salkeedy,2
B,salo,1
B,salshcthdy,1
B,saltar,1
B,saltedy,1
B,salxar,1
B,saly,3
B,sam,3
B,san,2
B,sar,49
B,saraiin,3
B,saraiir,1
B,sarain,3
B,saraisl,1
B,saral,2
B,saram,1
B,sarar,2
B,sarol,3
B,saroldal,1
B,sary,1
B,sas,2
B,sayfchedy,1
B,schckhy,1
B,schcthy,1
B,schdy,3
B,schedaiir,1
B,schedair,1
B,schedy,7
B,scheer,1
B,scheo,1
B,scheor,1
B,sches,2
B,schety,1
B,schey,1
B,schsdy,1
B,schy,1
B,scody,1
B,scsedy,1
B,scthey,1
B,sdal,1
B,sear,1
B,sedaiin,1
B,seear,1
B,seedy,1
B,seoar,1
B,seor,1
B,sh,4
B,shaiiin,1
B,shaiin,6
B,shaikhhy,1
B,shaikhy,1
B,shain,4
B,shal,13
B,shalkaiin,1
B,shalkl,1
B,shalky,1
B,sham,5
B,shapchedyfeey,1
B,shar,22
B,sharam,1
B,shchdy,1
B,shchs,1
B,shchy,2
B,shckhaiin,1
B,shckhar,1
B,shckhchy,1
B,shckhdchy,1
B,shckhdy,1
B,shckhedy,6
B,shckhefy,1
B,shckhey,9
B,shckhhd,1
B,shckhhy,2
B,shckhody,1
B,shckhor,1
B,shckhy,54
B,shcphhy,2
B,shcphoor,1
B,shcthdy,1
B,shcthedy,1
B,shcthey,4
B,shcthhy,3
B,shcthy,26
B,shd,6
B,shdaiin,2
B,shdair,2
B,shdal,4
B,shdaldy,1
B,shdalky,1
B,shdalo,1
B,shdaly,1
B,shdam,1
B,shdar,8
B,shdchdy,1
B,shddy,1
B,shdo,1
B,shdol,1
B,shdor,1
B,shdpchy,1
B,shdy,42
B,shdydy,1
B,shdykairy,1
B,shdytody,1
B,she,10
B,sheaiin,1
B,sheain,1
B,sheainy,1
B,sheal,12
B,sheam,1
B,shear,15
B,sheas,1
B,shechol,1
B,shechy,2
B,sheckeey,1
B,sheckhal,2
B,sheckhdy,1
B,sheckhedy,4
B,sheckhey,4
B,sheckhy,35
B,shecphhdy,1
B,shecphy,3
B,shect,1
B,shecthedchy,1
B,shecthedy,1
B,shecthey,1
B,shecthy,19
B,shed,18
B,shedaiiin,1
B,shedaiin,14
B,shedain,11
B,shedair,1
B,shedaitain,1
B,shedal,11
B,shedaldy,1
B,shedam,2
B,shedar,7
B,shedas,1
B,shedchy,1
B,shedeeey,1
B,shedefam,1
B,shedey,1
B,shedkedy,1
B,shedol,1
B,shedor,1
B,sheds,1
B,shedshey,1
B,shedy,418
B,shedykain,1
B,shee,9
B,sheeain,1
B,sheeal,1
B,sheeay,1
B,sheeckhy,2
B,sheecthey,1
B,sheed,6
B,sheedain,1
B,sheedar,1
B,sheedo,2
B,sheedy,82
B,sheeeky,2
B,sheeerl,1
B,sheees,1
B,sheeey,5
B,sheefy,1
B,sheek,2
B,sheekain,1
B,sheekar,2
B,sheekas,1
B,sheekchy,3
B,sheekeey,2
B,sheekey,1
B,sheekly,1
B,sheekshy,1
B,sheeky,13
B,sheeo,7
B,sheeodaiin,1
B,sheeodain,1
B,sheeodar,2
B,sheeodees,1
B,sheeol,9
B,sheeoldy,1
B,sheeoly,1
B,sheeor,2
B,sheep,1
B,sheepshey,1
B,shees,4
B,sheet,3
B,sheetey,1
B,sheety,7
B,sheey,101
B,shefchdy,2
B,shefeeedy,1
B,shefhedy,1
B,shefshoro,1
B,shek,10
B,shekaiiin,1
B,shekaiin,2
B,shekain,5
B,shekair,1
B,shekal,3
B,shekalchdy,1
B,shekaly,1
B,shekam,2
B,shekar,1
B,shekchey,1
B,shekchy,3
B,shekedy,2
B,shekeefy,1
B,shekeeody,1
B,shekeey,3
B,shekeod,1
B,shekey,3
B,shekody,1
B,shekol,1
B,sheksheet,1
B,shekshey,2
B,shekshol,1
B,sheky,28
B,shekydy,1
B,shelain,1
B,sheo,22
B,sheoal,1
B,sheockhedy,1
B,sheockhy,1
B,sheocphy,1
B,sheocthy,2
B,sheod,9
B,sheodaiin,3
B,sheodal,2
B,sheodar,1
B,sheody,30
B,sheoe,1
B,sheoeed,1
B,sheoeky,1
B,sheokaiin,2
B,sheokain,1
B,sheokar,1
B,sheoked,1
B,sheokeedy,1
B,sheokeol,1
B,sheokey,2
B,sheoky,4
B,sheol,69
B,sheoldy,1
B,sheolkain,1
B,sheolkchy,1
B,sheolkedy,1
B,sheolkeedy,1
B,sheolkeey,1
B,sheolo,1
B,sheolol,1
B,sheolor,1
B,sheols,2
B,sheolshody,1
B,sheoly,1
B,sheoody,1
B,sheopchy,1
B,sheor,24
B,sheos,10
B,sheot,1
B,sheotal,1
B,sheotam,1
B,sheotchedy,1
B,sheoteoly,1
B,sheoy,1
B,shepchdy,1
B,shepchedy,1
B,shepchy,2
B,shepdaiin,1
B,shepy,1
B,sher,1
B,shes,5
B,shese,1
B,sheshy,1
B,shet,1
B,shetam,1
B,shetar,1
B,shetcheodchs,1
B,shetchy,1
B,shetey,2
B,shets,1
B,shetshdy,1
B,shetsho,1
B,shety,7
B,shey,204
B,sheyk,1
B,sheykaiiin,1
B,sheykal,1
B,sheyky,1
B,sheyr,1
B,sheytchdy,1
B,shfy,1
B,shka,1
B,shkaiin,2
B,shkain,3
B,shkair,2
B,shkakeedy,1
B,shkar,2
B,shkchedy,2
B,shkchey,1
B,shkchy,1
B,shkeedy,1
B,shkeey,1
B,shkeody,1
B,shkeol,1
B,shkeor,1
B,shkey,1
B,shkhy,1
B,shkol,1
B,shky,11
B,shl,3
B,shlches,1
B,shldy,1
B,sho,15
B,shoaiin,1
B,shoar,1
B,shocfhey,1
B,shocfhy,2
B,shochol,1
B,shockhchy,1
B,shockhhy,1
B,shockhol,1
B,shockhy,1
B,shocphedy,1
B,shocphhy,1
B,shocthy,1
B,shod,7
B,shoda,1
B,shodaiin,7
B,shodain,2
B,shodody,1
B,shodor,1
B,shody,29
B,shodypshey,1
B,shoefcheey,1
B,shoefy,1
B,shoeky,1
B,shofol,1
B,shofshedy,1
B,shoifhy,1
B,shoiin,1
B,shoikhy,2
B,shok,3
B,shokaiin,2
B,shokaiir,1
B,shokain,1
B,shokal,2
B,shokar,2
B,shokchey,1
B,shokchy,2
B,shokeedar,1
B,shokeey,1
B,shokeshy,1
B,shokey,1
B,shoko,1
B,shokor,1
B,shokshdy,1
B,shoky,3
B,shol,60
B,sholdy,4
B,sholfaiin,1
B,sholfosdaiin,1
B,sholkair,1
B,sholkal,1
B,sholkar,1
B,sholkeechy,1
B,sholkeedy,2
B,sholkshy,1
B,shoo,1
B,shoor,1
B,shopchey,1
B,shor,26
B,shoral,1
B,shorchdy,1
B,shorqoy,1
B,shory,1
B,shos,3
B,shosaiin,2
B,shotaiin,1
B,shotchdy,1
B,shotchey,1
B,shotchy,2
B,shotedy,1
B,shoteeody,1
B,shoteol,1
B,shoyfar,1
B,shr,1
B,shs,2
B,shsdy,1
B,shshdar,1
B,shso,1
B,shsopam,1
B,shsy,1
B,shtal,3
B,shtar,1
B,shtchy,1
B,shtey,1
B,shtol,1
B,shtor,1
B,shtshy,1
B,shty,3
B,shx,1
B,shxam,1
B,shy,35
B,shykaiin,1
B,shypchedy,1
B,shyy,1
B,skaiin,2
B,skain,1
B,skal,1
B,skar,1
B,skchdy,1
B,skeeody,1
B,skeey,1
B,sl,1
B,sls,1
B,so,1
B,soaiin,2
B,soain,1
B,soar,1
B,sockhey,1
B,sodaiiin,1
B,sodair,1
B,sodal,1
B,sodar,2
B,soeeedy,1
B,soes,1
B,soiiin,3
B,soiin,9
B,soiis,1
B,soin,3
B,sokal,1
B,sokcheey,1
B,sokedy,1
B,sokeedy,3
B,sokeey,1
B,sokod,1
B,sokol,1
B,sokoly,1
B,sol,48
B,solaiin,1
B,solain,1
B,solchd,1
B,solchedy,8
B,solcheol,2
B,solchey,4
B,solchkal,1
B,soldy,1
B,solkaiin,3
B,solkain,3
B,solkchedy,1
B,solkchy,1
B,solkedy,3
B,solkeedy,5
B,solkeey,4
B,solkes,1
B,solkey,1
B,solky,1
B,solol,1
B,solor,1
B,solpchd,1
B,sols,1
B,solshed,1
B,solshedy,3
B,solshey,1
B,solteedy,1
B,soly,1
B,sor,32
B,soraiin,3
B,sorain,1
B,soral,2
B,sorol,1
B,sorols,1
B,sororl,1
B,sory,1
B,sosar,1
B,sosees,1
B,sosoral,1
B,sotaiin,1
B,sotchdaiin,1
B,sotey,1
B,soy,1
B,spaiin,1
B,spchy,1
B,ssheckhy,1
B,sshedy,5
B,ssheedal,1
B,ssheey,2
B,ssheo,1
B,ssheodain,1
B,ssheol,1
B,sshey,4
B,sshkchdy,1
B,sshol,1
B,stolpchy,1
B,sy,11
B,sykar,1
B,syly,1
B,syokeedy,1
B,t,4
B,taidy,1
B,taiiin,1
B,taiin,27
B,taikhy,1
B,taiky,1
B,taim,1
B,tain,15
B,taipar,1
B,tair,12
B,tairoor,1
B,tal,12
B,talam,1
B,taldain,1
B,talkl,1
B,talody,1
B,talol,1
B,talor,1
B,talshdy,1
B,taly,1
B,tam,4
B,tar,38
B,taraiin,2
B,tarair,1
B,tarairy,1
B,taral,2
B,taram,1
B,tarar,2
B,tarodaiin,1
B,tarol,2
B,taror,1
B,taros,1
B,tcfhy,1
B,tchal,2
B,tchar,3
B,tchcthy,1
B,tchd,1
B,tchdaiin,2
B,tchdarol,1
B,tchddy,1
B,tchdoltdy,1
B,tchdor,2
B,tchdy,15
B,tchdys,1
B,tched,1
B,tchedaiin,1
B,tchedair,1
B,tchedal,1
B,tchedar,2
B,tchede,1
B,tchedol,1
B,tchedor,3
B,tchedy,32
B,tchedydy,1
B,tcheepchey,1
B,tcheey,2
B,tcheo,6
B,tcheod,1
B,tcheodaiin,1
B,tcheodar,1
B,tcheodl,1
B,tcheody,3
B,tcheoko,1
B,tcheol,4
B,tcheolchy,1
B,tcheor,1
B,tcheorsho,1
B,tchey,10
B,tchkaiin,1
B,tcho,2
B,tchoar,1
B,tchoarorshy,1
B,tchod,1
B,tchodaiin,1
B,tchodain,1
B,tchodairos,1
B,tchodls,1
B,tchody,2
B,tchokedy,1
B,tchoky,1
B,tchol,2
B,tcholkaiin,1
B,tchor,4
B,tchosos,1
B,tchy,4
B,tdain,1
B,tdam,1
B,tdol,1
B,tear,1
B,techedy,1
B,techy,1
B,ted,1
B,tedaiin,3
B,tedain,4
B,tedair,2
B,tedal,1
B,tedam,3
B,tedar,1
B,tedcheo,1
B,tedo,2
B,tedy,42
B,tedyol,1
B,teear,1
B,teed,2
B,teedain,1
B,teedal,2
B,teedam,1
B,teedan,1
B,teedar,2
B,teedaram,1
B,teedy,13
B,teeedy,4
B,teeo,1
B,teeoar,1
B,teeodaiin,1
B,teeodain,1
B,teeody,3
B,teeol,3
B,teeolain,1
B,teeolteedy,1
B,teeor,1
B,teeos,1
B,teey,14
B,teo,1
B,teoar,1
B,teodaiin,1
B,teodal,1
B,teodarody,1
B,teodeear,1
B,teodeey,1
B,teodkaiin,1
B,teody,5
B,teodyteytar,1
B,teoiin,1
B,teol,9
B,teolkedain,1
B,teolshy,1
B,teor,1
B,teos,1
B,teoteey,1
B,tesaiin,1
B,tey,5
B,teyteg,1
B,tl,1
B,toaiin,1
B,toar,1
B,tochey,1
B,tochsy,1
B,tockhy,1
B,tocpheey,1
B,tocthey,1
B,tocthy,1
B,todaiin,4
B,todain,1
B,todal,1
B,todalain,1
B,todaly,1
B,todar,1
B,todas,1
B,todeeey,1
B,todky,1
B,tody,5
B,todydy,1
B,toeedy,1
B,toeeedchy,1
B,toees,1
B,tohedy,1
B,tokain,2
B,tokar,2
B,tokary,1
B,tokol,1
B,toky,2
B,tol,23
B,tolchdaiin,1
B,tolchedy,1
B,toldal,1
B,toldy,1
B,tolkain,2
B,tolkal,1
B,tolkchdy,1
B,tolkeeedy,1
B,tolkeol,1
B,tolkey,1
B,tolkshey,1
B,tolokeedy,1
B,tolos,1
B,tolpchy,1
B,tolsheol,1
B,tolshey,1
B,tolshosor,1
B,tolshy,1
B,tolteedy,1
B,topaiin,1
B,tor,11
B,torain,1
B,torolshsdy,1
B,toror,1
B,torshor,1
B,tory,1
B,tos,1
B,tosheo,1
B,totol,2
B,toy,1
B,tshar,1
B,tshdar,1
B,tshdcsey,1
B,tshdol,2
B,tshdy,4
B,tshed,2
B,tshedain,1
B,tshedal,1
B,tshedar,2
B,tshedky,1
B,tshedor,1
B,tshedy,8
B,tsheed,1
B,tsheey,1
B,tsheodal,1
B,tsheodar,1
B,tsheodl,1
B,tsheokeedy,1
B,tshes,1
B,tshey,8
B,tsho,1
B,tshoar,1
B,tshod,2
B,tshodaiin,1
B,tshodair,1
B,tshokeody,1
B,tshol,1
B,tshor,1
B,tshy,1
B,ty,8
B,x,3
B,xaloeees,1
B,xar,2
B,xoiin,1
B,xol,1
B,xor,1
B,y,72
B,yaiin,4
B,yaiir,1
B,yair,1
B,yar,2
B,ychain,1
B,ychar,1
B,ychckhy,1
B,ychdy,2
B,ycheain,2
B,ychear,1
B,ycheckhey,1
B,ychecthy,1
B,yched,2
B,ychedaiin,2
B,ychedain,1
B,ychedal,2
B,ychedar,4
B,ychedl,1
B,ychedy,13
B,ycheealkaiin,1
B,ycheear,1
B,ycheechy,1
B,ycheeckhy,1
B,ycheedaiin,1
B,ycheedy,7
B,ycheekeey,1
B,ycheeo,6
B,ycheeodaiin,1
B,ycheeodain,1
B,ycheeody,2
B,ycheeol,1
B,ycheeor,1
B,ycheeoy,1
B,ychees,2
B,ycheey,18
B,ycheeytal,1
B,ycheeytydaiin,1
B,ychek,1
B,ycheo,9
B,ycheoar,1
B,ycheochy,1
B,ycheod,2
B,ycheodain,1
B,ycheody,2
B,ycheoky,1
B,ycheol,10
B,ycheolk,1
B,ycheool,1
B,ycheor,1
B,ycheoraiin,1
B,ycheos,1
B,ycheoto,1
B,yches,2
B,ychey,8
B,ychkl,1
B,ycho,1
B,ychol,3
B,ychoopy,1
B,ychor,2
B,ychtaiis,1
B,ychtain,1
B,ychty,1
B,yckheody,1
B,yckhey,1
B,ycseol,1
B,ydaiin,6
B,ydain,2
B,ydair,1
B,ydairol,1
B,ydam,1
B,ydaral,1
B,ydees,1
B,ydy,4
B,yefaiin,1
B,yekedy,1
B,yey,1
B,yfchdy,1
B,yfchedy,1
B,yfcheky,1
B,yfchey,2
B,yfody,1
B,yfoldy,1
B,yfor,1
B,yhal,1
B,yhy,1
B,yk,4
B,ykaiin,31
B,ykaiir,2
B,ykail,1
B,ykain,9
B,ykaipy,1
B,ykair,5
B,ykairolky,1
B,ykaky,1
B,ykal,11
B,ykalkain,1
B,ykaly,2
B,ykam,3
B,ykan,1
B,ykanam,1
B,ykar,26
B,ykarain,1
B,ykaro,1
B,ykchdar,1
B,ykchdy,4
B,ykched,1
B,ykchedain,1
B,ykchedor,1
B,ykchedy,7
B,ykcheg,1
B,ykcheodain,1
B,ykcheor,1
B,ykcheshd,1
B,ykchey,2
B,ykcho,1
B,ykchol,1
B,ykchscheg,1
B,ykchy,2
B,ykcol,1
B,ykcsedy,1
B,ykdair,1
B,ykdy,1
B,ykechey,1
B,ykecsey,1
B,ykecthhy,1
B,ykeda,1
B,ykedaiin,1
B,ykedar,1
B,ykedckhy,1
B,ykedor,1
B,ykedy,23
B,ykeealar,1
B,ykeealkey,1
B,ykeear,1
B,ykeechy,2
B,ykeedaiin,1
B,ykeedain,2
B,ykeedar,1
B,ykeedl,1
B,ykeedy,28
B,ykeeedy,4
B,ykeeeochy,1
B,ykeeeody,1
B,ykeeeos,1
B,ykeeey,4
B,ykeeo,5
B,ykeeochody,1
B,ykeeod,1
B,ykeeodam,1
B,ykeeodey,1
B,ykeeody,5
B,ykeeol,6
B,ykeeor,1
B,ykeeos,1
B,ykees,2
B,ykeesan,1
B,ykeeshedy,1
B,ykeeshy,1
B,ykeey,28
B,ykeo,2
B,ykeod,1
B,ykeodaiin,1
B,ykeody,2
B,ykeoeshy,1
B,ykeol,2
B,ykeols,1
B,ykeos,2
B,ykesheo,1
B,ykeshy,1
B,ykey,2
B,ykl,1
B,ykodas,1
B,ykofar,1
B,ykoiin,1
B,ykol,4
B,ykoldy,1
B,ykolor,1
B,ykor,2
B,ykshedy,1
B,yksheol,2
B,yky,4
B,ykykaiin,1
B,yl,2
B,ylaiin,1
B,ylar,1
B,ylchdy,1
B,ylchedor,1
B,ylcheey,1
B,ylkaiin,2
B,ylor,1
B,ylshey,1
B,yochedy,1
B,yochor,1
B,yodam,1
B,yoiin,1
B,yoky,1
B,yols,1
B,yolsheey,1
B,yom,1
B,yoraly,1
B,yotedy,1
B,ypaiin,1
B,ypair,2
B,ypar,3
B,ypchd,1
B,ypchdaiin,1
B,ypchdair,1
B,ypchdar,1
B,ypchdy,6
B,ypcheddy,1
B,ypchedpy,1
B,ypchedy,11
B,ypcheedy,1
B,ypcheeey,1
B,ypcher,1
B,ypchery,1
B,ypchey,3
B,ypchor,1
B,ypchseds,1
B,ypdy,1
B,ypodaiin,1
B,ypshedy,1
B,ypsheor,1
B,yqokain,1
B,yqopchy,1
B,yqor,1
B,yraiin,1
B,yrchey,1
B,yrshey,1
B,yry,1
B,ys,1
B,ysaiin,1
B,ysair,1
B,yshar,1
B,yshchey,1
B,yshdain,1
B,yshdal,1
B,yshe,1
B,ysheal,1
B,yshealdy,1
B,yshear,1
B,yshedaiin,1
B,yshedair,1
B,yshedy,10
B,ysheed,1
B,ysheedal,1
B,ysheedy,6
B,ysheeo,1
B,ysheeoaiin,1
B,ysheeod,1
B,ysheeody,2
B,yshees,1
B,ysheey,9
B,ysheo,2
B,ysheoar,1
B,ysheod,1
B,ysheody,1
B,ysheor,3
B,ysheos,1
B,yshesy,1
B,yshey,10
B,yshoain,1
B,yshoiin,1
B,yshor,1
B,yshos,1
B,yshs,1
B,yskhy,1
B,ysoir,1
B,ytaiim,1
B,ytaiin,30
B,ytaim,1
B,ytain,11
B,ytair,2
B,ytal,7
B,ytaly,2
B,ytam,9
B,ytapy,1
B,ytar,19
B,ytarar,1
B,ytarody,1
B,ytasal,1
B,ytasr,1
B,ytchcseey,1
B,ytchdy,9
B,ytched,1
B,ytchedal,1
B,ytchedy,10
B,ytcheeky,1
B,ytcheodar,1
B,ytchey,5
B,ytchol,1
B,ytchor,1
B,ytchos,1
B,ytchy,5
B,ytdar,1
B,yteched,1
B,ytecheol,1
B,ytechy,1
B,ytedar,2
B,ytedshedy,1
B,ytedy,24
B,ytedykor,1
B,yteechypchy,1
B,yteedar,1
B,yteedy,26
B,yteeed,1
B,yteeedy,1
B,yteeeody,1
B,yteeeor,1
B,yteeey,3
B,yteeo,2
B,yteeod,1
B,yteeody,6
B,yteeol,1
B,ytees,1
B,yteey,22
B,yteody,6
B,yteokar,1
B,yteol,2
B,ytey,5
B,ytodaiin,1
B,ytody,4
B,ytoiin,1
B,ytol,1
B,ytor,3
B,ytos,1
B,ytshedy,2
B,ytsheod,1
B,ytshy,1
B,yty,9
B,ytyl,1
B,yy,1
